Date,Children apprehended and placed in CBP custody*,Children in CBP custody,Children transferred out of CBP custody,Children in HHS Care,Children discharged from HHS Care,Year,Month,Quarter,Week,Day,DayOfWeek,Weekend,HHS_Lag_1,HHS_Lag_7,HHS_Lag_14,HHS_Lag_30,Rolling7,Rolling14,Rolling30,GrowthRate,Target
2023-03-08,113.0,208.0,159.0,7885,291.0,2023,3,1,10,8,2,0,7859.0,7914.0,7483.0,6566.0,7835.571428571428,7855.785714285715,7735.166666666667,0.0033083089451584335,7786.0
2023-03-09,174.0,285.0,150.0,7786,340.0,2023,3,1,10,9,3,0,7885.0,7609.0,7794.0,7122.0,7860.857142857143,7855.214285714285,7757.3,-0.012555485098287855,7567.0
2023-03-13,104.0,230.0,206.0,7567,249.0,2023,3,1,11,13,0,0,7786.0,7800.0,7869.0,7280.0,7827.571428571428,7833.642857142857,7766.866666666667,-0.02812740816850756,7810.0
2023-03-14,147.0,276.0,214.0,7810,181.0,2023,3,1,11,14,1,0,7567.0,7896.0,7793.0,7433.0,7815.285714285715,7834.857142857143,7779.433333333333,0.032113122769922064,7915.0
2023-03-15,108.0,220.0,213.0,7915,286.0,2023,3,1,11,15,2,0,7810.0,7930.0,7817.0,7538.0,7813.142857142857,7841.857142857143,7792.0,0.013444302176696565,7989.0
2023-03-16,180.0,280.0,146.0,7989,308.0,2023,3,1,11,16,3,0,7915.0,7870.0,7967.0,7472.0,7830.142857142857,7843.428571428572,7809.233333333334,0.00934933670246374,7885.0
2023-03-19,134.0,294.0,186.0,7885,306.0,2023,3,1,11,19,6,1,7989.0,7859.0,7978.0,7743.0,7833.857142857143,7836.785714285715,7813.966666666666,-0.013017899611966421,7931.0
2023-03-20,202.0,313.0,158.0,7931,279.0,2023,3,1,12,20,0,0,7885.0,7885.0,7914.0,7803.0,7840.428571428572,7838.0,7818.233333333334,0.005833861762840842,8050.0
2023-03-21,110.0,272.0,193.0,8050,221.0,2023,3,1,12,21,1,0,7931.0,7786.0,7609.0,7903.0,7878.142857142857,7869.5,7823.133333333333,0.015004413062665423,8097.0
2023-03-22,166.0,277.0,229.0,8097,246.0,2023,3,1,12,22,2,0,8050.0,7567.0,7800.0,7879.0,7953.857142857143,7890.714285714285,7830.4,0.005838509316770102,8102.0
2023-03-23,136.0,276.0,178.0,8102,331.0,2023,3,1,12,23,3,0,8097.0,7810.0,7896.0,7586.0,7995.571428571428,7905.428571428572,7847.6,0.0006175126590095559,7847.0
2023-03-26,87.0,246.0,173.0,7847,352.0,2023,3,1,12,26,6,1,8102.0,7915.0,7930.0,7720.0,7985.857142857143,7899.5,7851.833333333333,-0.03147371019501355,7994.0
2023-03-27,84.0,171.0,157.0,7994,235.0,2023,3,1,13,27,0,0,7847.0,7989.0,7870.0,7855.0,7986.571428571428,7908.357142857143,7856.466666666666,0.01873327386262269,8079.0
2023-03-28,167.0,209.0,157.0,8079,223.0,2023,3,1,13,28,1,0,7994.0,7885.0,7859.0,7915.0,8014.285714285715,7924.071428571428,7861.933333333333,0.010632974731048295,8208.0
2023-03-29,109.0,245.0,159.0,8208,267.0,2023,3,1,13,29,2,0,8079.0,7931.0,7885.0,7908.0,8053.857142857143,7947.142857142857,7871.933333333333,0.01596732268845158,8158.0
2023-03-30,156.0,256.0,176.0,8158,359.0,2023,3,1,13,30,3,0,8208.0,8050.0,7786.0,7434.0,8069.285714285715,7973.714285714285,7896.066666666667,-0.006091617933723148,7981.0
2023-04-02,125.0,232.0,192.0,7981,304.0,2023,4,2,13,2,6,1,8158.0,8097.0,7567.0,7483.0,8052.714285714285,8003.285714285715,7912.666666666667,-0.02169649423878406,8054.0
2023-04-03,118.0,139.0,168.0,8054,284.0,2023,4,2,14,3,0,0,7981.0,8102.0,7810.0,7794.0,8045.857142857143,8020.714285714285,7921.333333333333,0.009146723468236972,8068.0
2023-04-04,142.0,235.0,139.0,8068,259.0,2023,4,2,14,4,1,0,8054.0,7847.0,7915.0,7869.0,8077.428571428572,8031.642857142857,7927.966666666666,0.0017382666997765028,8175.0
2023-04-05,148.0,245.0,175.0,8175,260.0,2023,4,2,14,5,2,0,8068.0,7994.0,7989.0,7793.0,8103.285714285715,8044.928571428572,7940.7,0.013262270699057943,8178.0
2023-04-06,119.0,219.0,210.0,8178,284.0,2023,4,2,14,6,3,0,8175.0,8079.0,7885.0,7817.0,8117.428571428572,8065.857142857143,7952.733333333334,0.0003669724770642979,7900.0
2023-04-09,105.0,210.0,149.0,7900,329.0,2023,4,2,14,9,6,1,8178.0,8208.0,7931.0,7967.0,8073.428571428572,8063.642857142857,7950.5,-0.033993641477133796,7826.0
2023-04-10,143.0,203.0,163.0,7826,265.0,2023,4,2,15,10,0,0,7900.0,8158.0,8050.0,7978.0,8026.0,8047.642857142857,7945.433333333333,-0.009367088607594942,7922.0
2023-04-11,119.0,209.0,152.0,7922,187.0,2023,4,2,15,11,1,0,7826.0,7981.0,8097.0,7914.0,8017.571428571428,8035.142857142857,7945.7,0.012266802964477463,7876.0
2023-04-12,155.0,212.0,181.0,7876,283.0,2023,4,2,15,12,2,0,7922.0,8054.0,8102.0,7609.0,7992.142857142857,8019.0,7954.6,-0.005806614491290052,7795.0
2023-04-13,109.0,214.0,173.0,7795,370.0,2023,4,2,15,13,3,0,7876.0,8068.0,7847.0,7800.0,7953.142857142857,8015.285714285715,7954.433333333333,-0.010284408329101047,7380.0
2023-04-16,191.0,283.0,192.0,7380,272.0,2023,4,2,15,16,6,1,7795.0,8175.0,7994.0,7896.0,7839.571428571428,7971.428571428572,7937.233333333334,-0.0532392559332906,7344.0
2023-04-17,170.0,297.0,196.0,7344,248.0,2023,4,2,16,17,0,0,7380.0,8178.0,8079.0,7930.0,7720.428571428572,7918.928571428572,7917.7,-0.004878048780487809,7376.0
2023-04-18,152.0,272.0,214.0,7376,234.0,2023,4,2,16,18,1,0,7344.0,7900.0,8208.0,7870.0,7645.571428571428,7859.5,7901.233333333334,0.004357298474945592,7356.0
2023-04-19,239.0,367.0,224.0,7356,229.0,2023,4,2,16,19,2,0,7376.0,7826.0,8158.0,7859.0,7578.428571428572,7802.214285714285,7884.466666666666,-0.0027114967462038564,7490.0
2023-04-20,113.0,280.0,237.0,7490,320.0,2023,4,2,16,20,3,0,7356.0,7922.0,7981.0,7885.0,7516.714285714285,7767.142857142857,7871.3,0.018216421968461072,7534.0
2023-04-23,196.0,306.0,187.0,7534,266.0,2023,4,2,16,23,6,1,7490.0,7876.0,8054.0,7786.0,7467.857142857143,7730.0,7862.9,0.005874499332443328,7796.0
2023-04-24,236.0,330.0,222.0,7796,213.0,2023,4,2,17,24,0,0,7534.0,7795.0,8068.0,7567.0,7468.0,7710.571428571428,7870.533333333334,0.0347756835678259,8017.0
2023-04-25,81.0,230.0,242.0,8017,202.0,2023,4,2,17,25,1,0,7796.0,7380.0,8175.0,7810.0,7559.0,7699.285714285715,7877.433333333333,0.02834787070292455,8117.0
2023-04-26,118.0,245.0,160.0,8117,256.0,2023,4,2,17,26,2,0,8017.0,7344.0,8178.0,7915.0,7669.428571428572,7694.928571428572,7884.166666666667,0.012473493825620574,8159.0
2023-04-27,218.0,283.0,208.0,8159,310.0,2023,4,2,17,27,3,0,8117.0,7376.0,7900.0,7989.0,7781.285714285715,7713.428571428572,7889.833333333333,0.005174325489712972,8352.0
2023-04-30,132.0,243.0,183.0,8352,293.0,2023,4,2,17,30,6,1,8159.0,7356.0,7826.0,7885.0,7923.571428571428,7751.0,7905.4,0.023654859664174577,8492.0
2023-05-01,224.0,315.0,152.0,8492,237.0,2023,5,2,18,1,0,0,8352.0,7490.0,7922.0,7931.0,8066.714285714285,7791.714285714285,7924.1,0.01676245210727978,8654.0
2023-05-02,167.0,326.0,213.0,8654,245.0,2023,5,2,18,2,1,0,8492.0,7534.0,7876.0,8050.0,8226.714285714286,7847.285714285715,7944.233333333334,0.019076778144135664,8704.0
2023-05-03,209.0,353.0,232.0,8704,267.0,2023,5,2,18,3,2,0,8654.0,7796.0,7795.0,8097.0,8356.42857142857,7912.214285714285,7964.466666666666,0.005777675063554533,8790.0
2023-05-04,153.0,253.0,286.0,8790,332.0,2023,5,2,18,4,3,0,8704.0,8017.0,7380.0,8102.0,8466.857142857143,8012.928571428572,7987.4,0.009880514705882248,8485.0
2023-05-07,180.0,337.0,219.0,8485,375.0,2023,5,2,18,7,6,1,8790.0,8117.0,7344.0,7847.0,8519.42857142857,8094.428571428572,8008.666666666667,-0.03469852104664395,8590.0
2023-05-08,133.0,287.0,189.0,8590,261.0,2023,5,2,19,8,0,0,8485.0,8159.0,7376.0,7994.0,8581.0,8181.142857142857,8028.533333333334,0.012374779021803173,8606.0
2023-05-09,187.0,310.0,247.0,8606,250.0,2023,5,2,19,9,1,0,8590.0,8352.0,7356.0,8079.0,8617.285714285714,8270.42857142857,8046.1,0.0018626309662397311,8681.0
2023-05-10,168.0,285.0,210.0,8681,304.0,2023,5,2,19,10,2,0,8606.0,8492.0,7490.0,8208.0,8644.285714285714,8355.5,8061.866666666667,0.008714850104578176,8672.0
2023-05-11,269.0,412.0,204.0,8672,392.0,2023,5,2,19,11,3,0,8681.0,8654.0,7534.0,8158.0,8646.857142857143,8436.785714285714,8079.0,-0.0010367469185578182,8445.0
2023-05-14,100.0,255.0,236.0,8445,288.0,2023,5,2,19,14,6,1,8672.0,8704.0,7796.0,7981.0,8609.857142857143,8483.142857142857,8094.466666666666,-0.02617619926199266,8571.0
2023-05-15,205.0,294.0,177.0,8571,277.0,2023,5,2,20,15,0,0,8445.0,8790.0,8017.0,8054.0,8578.57142857143,8522.714285714286,8111.7,0.01492007104795734,8572.0
2023-05-16,161.0,304.0,211.0,8572,272.0,2023,5,2,20,16,1,0,8571.0,8485.0,8117.0,8068.0,8591.0,8555.214285714286,8128.5,0.0001166725002916813,8569.0
2023-05-17,57.0,162.0,193.0,8569,307.0,2023,5,2,20,17,2,0,8572.0,8590.0,8159.0,8175.0,8588.0,8584.5,8141.633333333333,-0.00034997666822211837,8474.0
2023-05-18,80.0,122.0,152.0,8474,351.0,2023,5,2,20,18,3,0,8569.0,8606.0,8352.0,8178.0,8569.142857142857,8593.214285714286,8151.5,-0.011086474501108667,7826.0
2023-05-21,107.0,170.0,133.0,7826,343.0,2023,5,2,20,21,6,1,8474.0,8681.0,8492.0,7900.0,8447.0,8545.642857142857,8149.033333333334,-0.07646919990559353,7848.0
2023-05-22,99.0,156.0,139.0,7848,240.0,2023,5,2,21,22,0,0,7826.0,8672.0,8654.0,7826.0,8329.285714285714,8488.07142857143,8149.766666666666,0.0028111423460259743,7788.0
2023-05-23,25.0,66.0,94.0,7788,246.0,2023,5,2,21,23,1,0,7848.0,8445.0,8704.0,7922.0,8235.42857142857,8422.642857142857,8145.3,-0.007645259938837912,7709.0
2023-05-24,35.0,70.0,53.0,7709,276.0,2023,5,2,21,24,2,0,7788.0,8571.0,8790.0,7876.0,8112.285714285715,8345.42857142857,8139.733333333334,-0.010143810991268598,7546.0
2023-05-25,43.0,73.0,64.0,7546,408.0,2023,5,2,21,25,3,0,7709.0,8572.0,8485.0,7795.0,7965.714285714285,8278.357142857143,8131.433333333333,-0.02114411726553378,6996.0
2023-05-29,41.0,60.0,71.0,6996,207.0,2023,5,2,22,29,0,0,7546.0,8569.0,8590.0,7380.0,7741.0,8164.5,8118.633333333333,-0.07288629737609331,7046.0
2023-05-30,65.0,83.0,65.0,7046,168.0,2023,5,2,22,30,1,0,6996.0,8474.0,8606.0,7344.0,7537.0,8053.071428571428,8108.7,0.007146941109205329,7053.0
2023-05-31,38.0,80.0,82.0,7053,210.0,2023,5,2,22,31,2,0,7046.0,7826.0,8681.0,7376.0,7426.571428571428,7936.785714285715,8097.933333333333,0.0009934714731762995,7002.0
2023-06-01,56.0,82.0,68.0,7002,287.0,2023,6,2,22,1,3,0,7053.0,7848.0,8672.0,7356.0,7305.714285714285,7817.5,8086.133333333333,-0.007230965546575874,6555.0
2023-06-04,74.0,103.0,80.0,6555,292.0,2023,6,2,22,4,6,1,7002.0,7788.0,8445.0,7490.0,7129.571428571428,7682.5,8054.966666666666,-0.06383890317052265,6523.0
2023-06-05,68.0,107.0,102.0,6523,189.0,2023,6,2,23,5,0,0,6555.0,7709.0,8571.0,7534.0,6960.142857142857,7536.214285714285,8021.266666666666,-0.004881769641495004,6508.0
2023-06-06,92.0,124.0,93.0,6508,187.0,2023,6,2,23,6,1,0,6523.0,7546.0,8572.0,7796.0,6811.857142857143,7388.785714285715,7978.333333333333,-0.002299555419285615,6483.0
2023-06-07,113.0,162.0,107.0,6483,208.0,2023,6,2,23,7,2,0,6508.0,6996.0,8569.0,8017.0,6738.571428571428,7239.785714285715,7927.2,-0.003841425937307963,6446.0
2023-06-08,106.0,196.0,131.0,6446,255.0,2023,6,2,23,8,3,0,6483.0,7046.0,8474.0,8117.0,6652.857142857143,7094.928571428572,7871.5,-0.005707234305105668,6007.0
2023-06-11,86.0,152.0,168.0,6007,238.0,2023,6,2,23,11,6,1,6446.0,7053.0,7826.0,8159.0,6503.428571428572,6965.0,7799.766666666666,-0.06810425069810733,6021.0
2023-06-12,84.0,118.0,136.0,6021,177.0,2023,6,2,24,12,0,0,6007.0,7002.0,7848.0,8352.0,6363.285714285715,6834.5,7722.066666666667,0.002330614283336141,6061.0
2023-06-13,59.0,64.0,117.0,6061,146.0,2023,6,2,24,13,1,0,6021.0,6555.0,7788.0,8492.0,6292.714285714285,6711.142857142857,7641.033333333334,0.006643414715163498,6065.0
2023-06-14,62.0,97.0,52.0,6065,167.0,2023,6,2,24,14,2,0,6061.0,6523.0,7709.0,8654.0,6227.285714285715,6593.714285714285,7554.733333333334,0.0006599571027883222,6038.0
2023-06-15,91.0,75.0,97.0,6038,272.0,2023,6,2,24,15,3,0,6065.0,6508.0,7546.0,8704.0,6160.142857142857,6486.0,7465.866666666667,-0.0044517724649628665,5679.0
2023-06-19,29.0,51.0,11.0,5679,142.0,2023,6,2,25,19,0,0,6038.0,6483.0,6996.0,8790.0,6045.285714285715,6391.928571428572,7362.166666666667,-0.059456773766147775,5904.0
2023-06-20,33.0,53.0,34.0,5904,134.0,2023,6,2,25,20,1,0,5679.0,6446.0,7046.0,8485.0,5967.857142857143,6310.357142857143,7276.133333333333,0.03961965134706813,5922.0
2023-06-21,93.0,196.0,169.0,5922,149.0,2023,6,2,25,21,2,0,5904.0,6007.0,7053.0,8590.0,5955.714285714285,6229.571428571428,7187.2,0.0030487804878047697,5956.0
2023-06-22,124.0,234.0,161.0,5956,207.0,2023,6,2,25,22,3,0,5922.0,6021.0,7002.0,8606.0,5946.428571428572,6154.857142857143,7098.866666666667,0.005741303613644,5766.0
2023-06-25,92.0,203.0,173.0,5766,263.0,2023,6,2,25,25,6,1,5956.0,6061.0,6555.0,8681.0,5904.285714285715,6098.5,7001.7,-0.031900604432505086,5819.0
2023-06-26,186.0,259.0,172.0,5819,174.0,2023,6,2,26,26,0,0,5766.0,6065.0,6523.0,8672.0,5869.142857142857,6048.214285714285,6906.6,0.009191814082552874,5917.0
2023-06-27,154.0,225.0,220.0,5917,155.0,2023,6,2,26,27,1,0,5819.0,6038.0,6508.0,8445.0,5851.857142857143,6006.0,6822.333333333333,0.01684138168070115,5999.0
2023-06-28,91.0,199.0,172.0,5999,174.0,2023,6,2,26,28,2,0,5917.0,5679.0,6483.0,8571.0,5897.571428571428,5971.428571428572,6736.6,0.013858374176102695,6058.0
2023-06-29,81.0,213.0,153.0,6058,213.0,2023,6,2,26,29,3,0,5999.0,5904.0,6446.0,8572.0,5919.571428571428,5943.714285714285,6652.8,0.009834972495415872,5903.0
2023-07-02,209.0,285.0,184.0,5903,309.0,2023,7,3,26,2,6,1,6058.0,5922.0,6007.0,8569.0,5916.857142857143,5936.285714285715,6563.933333333333,-0.025586001980851814,6127.0
2023-07-04,184.0,314.0,217.0,6127,124.0,2023,7,3,27,4,1,0,5903.0,5956.0,6021.0,8474.0,5941.285714285715,5943.857142857143,6485.7,0.03794680670845341,6193.0
2023-07-05,107.0,215.0,230.0,6193,167.0,2023,7,3,27,5,2,0,6127.0,5766.0,6061.0,7826.0,6002.285714285715,5953.285714285715,6431.266666666666,0.010771992818671361,6239.0
2023-07-06,101.0,162.0,178.0,6239,205.0,2023,7,3,27,6,3,0,6193.0,5819.0,6065.0,7848.0,6062.285714285715,5965.714285714285,6377.633333333333,0.007427740997900889,6214.0
2023-07-09,99.0,190.0,176.0,6214,196.0,2023,7,3,27,9,6,1,6239.0,5917.0,6038.0,7788.0,6104.714285714285,5978.285714285715,6325.166666666667,-0.0040070524122455264,6346.0
2023-07-10,167.0,239.0,166.0,6346,163.0,2023,7,3,28,10,0,0,6214.0,5999.0,5679.0,7709.0,6154.285714285715,6025.928571428572,6279.733333333334,0.02124235597038937,6498.0
2023-07-11,115.0,216.0,169.0,6498,143.0,2023,7,3,28,11,1,0,6346.0,6058.0,5904.0,7546.0,6217.142857142857,6068.357142857143,6244.8,0.0239520958083832,6521.0
2023-07-12,84.0,158.0,193.0,6521,210.0,2023,7,3,28,12,2,0,6498.0,5903.0,5922.0,6996.0,6305.428571428572,6111.142857142857,6228.966666666666,0.0035395506309634506,6604.0
2023-07-13,130.0,227.0,192.0,6604,226.0,2023,7,3,28,13,3,0,6521.0,6127.0,5956.0,7046.0,6373.571428571428,6157.428571428572,6214.233333333334,0.012728109185707659,6468.0
2023-07-16,88.0,214.0,160.0,6468,218.0,2023,7,3,28,16,6,1,6604.0,6193.0,5766.0,7053.0,6412.857142857143,6207.571428571428,6194.733333333334,-0.02059357964869779,6632.0
2023-07-17,113.0,208.0,159.0,6632,160.0,2023,7,3,29,17,0,0,6468.0,6239.0,5819.0,7002.0,6469.0,6265.642857142857,6182.4,0.02535559678416832,6874.0
2023-07-18,174.0,285.0,150.0,6874,181.0,2023,7,3,29,18,1,0,6632.0,6214.0,5917.0,6555.0,6563.285714285715,6334.0,6193.033333333334,0.03648974668275029,7001.0
2023-07-19,104.0,230.0,206.0,7001,226.0,2023,7,3,29,19,2,0,6874.0,6346.0,5999.0,6523.0,6656.857142857143,6405.571428571428,6208.966666666666,0.018475414605760854,7116.0
2023-07-20,147.0,276.0,214.0,7116,281.0,2023,7,3,29,20,3,0,7001.0,6498.0,6058.0,6508.0,6745.142857142857,6481.142857142857,6229.233333333334,0.016426224825025093,7052.0
2023-07-23,108.0,220.0,213.0,7052,276.0,2023,7,3,29,23,6,1,7116.0,6521.0,5903.0,6483.0,6821.0,6563.214285714285,6248.2,-0.008993816750983652,7220.0
2023-07-24,180.0,280.0,146.0,7220,187.0,2023,7,3,30,24,0,0,7052.0,6604.0,6127.0,6446.0,6909.0,6641.285714285715,6274.0,0.02382302892796373,7510.0
2023-07-25,134.0,294.0,186.0,7510,136.0,2023,7,3,30,25,1,0,7220.0,6468.0,6193.0,6007.0,7057.857142857143,6735.357142857143,6324.1,0.040166204986149534,7647.0
2023-07-26,202.0,313.0,158.0,7647,215.0,2023,7,3,30,26,2,0,7510.0,6632.0,6239.0,6021.0,7202.857142857143,6835.928571428572,6378.3,0.018242343541944095,7754.0
2023-07-27,110.0,272.0,193.0,7754,259.0,2023,7,3,30,27,3,0,7647.0,6874.0,6214.0,6061.0,7328.571428571428,6945.928571428572,6434.733333333334,0.013992415326271823,7671.0
2023-07-30,166.0,277.0,229.0,7671,305.0,2023,7,3,30,30,6,1,7754.0,7001.0,6346.0,6065.0,7424.285714285715,7040.571428571428,6488.266666666666,-0.010704152695383051,7800.0
2023-07-31,136.0,276.0,178.0,7800,220.0,2023,7,3,31,31,0,0,7671.0,7116.0,6498.0,6038.0,7522.0,7133.571428571428,6547.0,0.016816581931951458,8103.0
2023-08-01,87.0,246.0,173.0,8103,168.0,2023,8,3,31,1,1,0,7800.0,7052.0,6521.0,5679.0,7672.142857142857,7246.571428571428,6627.8,0.03884615384615375,8261.0
2023-08-02,84.0,171.0,157.0,8261,271.0,2023,8,3,31,2,2,0,8103.0,7220.0,6604.0,5904.0,7820.857142857143,7364.928571428572,6706.366666666667,0.019498951005800347,8294.0
2023-08-03,167.0,209.0,157.0,8294,339.0,2023,8,3,31,3,3,0,8261.0,7510.0,6468.0,5922.0,7932.857142857143,7495.357142857143,6785.433333333333,0.003994673768308976,8298.0
2023-08-06,109.0,245.0,159.0,8298,322.0,2023,8,3,31,6,6,1,8294.0,7647.0,6632.0,5956.0,8025.857142857143,7614.357142857143,6863.5,0.0004822763443452782,8493.0
2023-08-07,156.0,256.0,176.0,8493,202.0,2023,8,3,32,7,0,0,8298.0,7754.0,6874.0,5766.0,8131.428571428572,7730.0,6954.4,0.02349963846710046,8725.0
2023-08-08,125.0,232.0,192.0,8725,207.0,2023,8,3,32,8,1,0,8493.0,7671.0,7001.0,5819.0,8282.0,7853.142857142857,7051.266666666666,0.027316613681855673,8888.0
2023-08-09,118.0,139.0,168.0,8888,251.0,2023,8,3,32,9,2,0,8725.0,7800.0,7116.0,5917.0,8437.42857142857,7979.714285714285,7150.3,0.018681948424068784,8914.0
2023-08-10,142.0,235.0,139.0,8914,353.0,2023,8,3,32,10,3,0,8888.0,8103.0,7052.0,5999.0,8553.285714285714,8112.714285714285,7247.466666666666,0.0029252925292528875,9634.0
2023-08-16,148.0,245.0,175.0,9634,288.0,2023,8,3,33,16,2,0,8914.0,8261.0,7220.0,6058.0,8749.42857142857,8285.142857142857,7366.666666666667,0.08077181960960278,9694.0
2023-08-17,119.0,219.0,210.0,9694,407.0,2023,8,3,33,17,3,0,9634.0,8294.0,7510.0,5903.0,8949.42857142857,8441.142857142857,7493.033333333334,0.006227942702927036,9483.0
2023-08-20,105.0,210.0,149.0,9483,390.0,2023,8,3,33,20,6,1,9694.0,8298.0,7647.0,6127.0,9118.714285714286,8572.285714285714,7604.9,-0.021766040850010326,9668.0
2023-08-21,143.0,203.0,163.0,9668,281.0,2023,8,3,34,21,0,0,9483.0,8493.0,7754.0,6193.0,9286.57142857143,8709.0,7720.733333333334,0.019508594326689943,9921.0
2023-08-22,119.0,209.0,152.0,9921,230.0,2023,8,3,34,22,1,0,9668.0,8725.0,7671.0,6239.0,9457.42857142857,8869.714285714286,7843.466666666666,0.02616880430285473,10071.0
2023-08-23,155.0,212.0,181.0,10071,285.0,2023,8,3,34,23,2,0,9921.0,8888.0,7800.0,6214.0,9626.42857142857,9031.92857142857,7972.033333333334,0.015119443604475258,10026.0
2023-08-24,109.0,214.0,173.0,10026,443.0,2023,8,3,34,24,3,0,10071.0,8914.0,8103.0,6346.0,9785.285714285714,9169.285714285714,8094.7,-0.0044682752457551045,9873.0
2023-08-27,191.0,283.0,192.0,9873,488.0,2023,8,3,34,27,6,1,10026.0,9634.0,8261.0,6498.0,9819.42857142857,9284.42857142857,8207.2,-0.015260323159784539,10012.0
2023-08-28,170.0,297.0,196.0,10012,388.0,2023,8,3,35,28,0,0,9873.0,9694.0,8294.0,6521.0,9864.857142857143,9407.142857142857,8323.566666666668,0.014078800769776079,10180.0
2023-08-29,152.0,272.0,214.0,10180,286.0,2023,8,3,35,29,1,0,10012.0,9483.0,8298.0,6604.0,9964.42857142857,9541.57142857143,8442.766666666666,0.016779864163004365,10280.0
2023-08-30,239.0,367.0,224.0,10280,366.0,2023,8,3,35,30,2,0,10180.0,9668.0,8493.0,6468.0,10051.857142857143,9669.214285714286,8569.833333333334,0.00982318271119853,10140.0
2023-08-31,113.0,280.0,237.0,10140,505.0,2023,8,3,35,31,3,0,10280.0,9921.0,8725.0,6632.0,10083.142857142857,9770.285714285714,8686.766666666666,-0.013618677042801508,9988.0
2023-09-04,196.0,306.0,187.0,9988,293.0,2023,9,3,36,4,0,0,10140.0,10071.0,8888.0,6874.0,10071.285714285714,9848.857142857143,8790.566666666668,-0.014990138067061176,10142.0
2023-09-05,236.0,330.0,222.0,10142,243.0,2023,9,3,36,5,1,0,9988.0,10026.0,8914.0,7001.0,10087.857142857143,9936.57142857143,8895.266666666666,0.01541850220264318,10356.0
2023-09-06,81.0,230.0,242.0,10356,291.0,2023,9,3,36,6,2,0,10142.0,9873.0,9634.0,7116.0,10156.857142857143,9988.142857142857,9003.266666666666,0.021100374679550393,10419.0
2023-09-07,118.0,245.0,160.0,10419,398.0,2023,9,3,36,7,3,0,10356.0,10012.0,9694.0,7052.0,10215.0,10039.92857142857,9115.5,0.006083429895712644,10282.0
2023-09-10,218.0,283.0,208.0,10282,382.0,2023,9,3,36,10,6,1,10419.0,10180.0,9483.0,7220.0,10229.57142857143,10097.0,9217.566666666668,-0.013149054611766964,10492.0
2023-09-11,132.0,243.0,183.0,10492,277.0,2023,9,3,37,11,0,0,10282.0,10280.0,9668.0,7510.0,10259.857142857143,10155.857142857143,9316.966666666667,0.020424042015172228,10649.0
2023-09-12,224.0,315.0,152.0,10649,316.0,2023,9,3,37,12,1,0,10492.0,10140.0,9921.0,7647.0,10332.57142857143,10207.857142857143,9417.033333333333,0.01496378192908887,10678.0
2023-09-13,167.0,326.0,213.0,10678,343.0,2023,9,3,37,13,2,0,10649.0,9988.0,10071.0,7754.0,10431.142857142857,10251.214285714286,9514.5,0.0027232604000375638,10837.0
2023-09-14,209.0,353.0,232.0,10837,414.0,2023,9,3,37,14,3,0,10678.0,10142.0,10026.0,7671.0,10530.42857142857,10309.142857142857,9620.033333333333,0.01489042891927328,10799.0
2023-09-17,153.0,253.0,286.0,10799,427.0,2023,9,3,37,17,6,1,10837.0,10356.0,9873.0,7800.0,10593.714285714286,10375.285714285714,9720.0,-0.0035065054904493964,10892.0
2023-09-18,180.0,337.0,219.0,10892,313.0,2023,9,3,38,18,0,0,10799.0,10419.0,10012.0,8103.0,10661.285714285714,10438.142857142857,9812.966666666667,0.008611908510047117,11095.0
2023-09-19,133.0,287.0,189.0,11095,260.0,2023,9,3,38,19,1,0,10892.0,10282.0,10180.0,8261.0,10777.42857142857,10503.5,9907.433333333332,0.018637532133676027,11064.0
2023-09-20,187.0,310.0,247.0,11064,364.0,2023,9,3,38,20,2,0,11095.0,10492.0,10280.0,8294.0,10859.142857142857,10559.5,9999.766666666666,-0.0027940513744930673,11067.0
2023-09-21,168.0,285.0,210.0,11067,428.0,2023,9,3,38,21,3,0,11064.0,10649.0,10140.0,8298.0,10918.857142857143,10625.714285714286,10092.066666666668,0.00027114967462038564,10744.0
2023-09-24,269.0,412.0,204.0,10744,403.0,2023,9,3,38,24,6,1,11067.0,10678.0,9988.0,8493.0,10928.285714285714,10679.714285714286,10167.1,-0.029185867895545337,10842.0
2023-09-25,100.0,255.0,236.0,10842,284.0,2023,9,3,39,25,0,0,10744.0,10837.0,10142.0,8725.0,10929.0,10729.714285714286,10237.666666666666,0.009121370067014078,10978.0
2023-09-26,205.0,294.0,177.0,10978,332.0,2023,9,3,39,26,1,0,10842.0,10799.0,10356.0,8888.0,10954.57142857143,10774.142857142857,10307.333333333334,0.012543811104962277,11017.0
2023-09-27,161.0,304.0,211.0,11017,331.0,2023,9,3,39,27,2,0,10978.0,10892.0,10419.0,8914.0,10972.42857142857,10816.857142857143,10377.433333333332,0.003552559664784072,10984.0
2023-09-28,57.0,162.0,193.0,10984,447.0,2023,9,3,39,28,3,0,11017.0,11095.0,10282.0,9634.0,10956.57142857143,10867.0,10422.433333333332,-0.002995370790596308,10598.0
2023-10-01,80.0,122.0,152.0,10598,493.0,2023,10,4,39,1,6,1,10984.0,11064.0,10492.0,9694.0,10890.0,10874.57142857143,10452.566666666668,-0.03514202476329209,10724.0
2023-10-02,107.0,170.0,133.0,10724,284.0,2023,10,4,40,2,0,0,10598.0,11067.0,10649.0,9483.0,10841.0,10879.92857142857,10493.933333333332,0.011889035667107084,10818.0
2023-10-03,99.0,156.0,139.0,10818,287.0,2023,10,4,40,3,1,0,10724.0,10744.0,10678.0,9668.0,10851.57142857143,10889.92857142857,10532.266666666666,0.00876538604998145,10963.0
2023-10-04,25.0,66.0,94.0,10963,330.0,2023,10,4,40,4,2,0,10818.0,10842.0,10837.0,9921.0,10868.857142857143,10898.92857142857,10567.0,0.013403586614901153,11130.0
2023-10-05,35.0,70.0,53.0,11130,427.0,2023,10,4,40,5,3,0,10963.0,10978.0,10799.0,10071.0,10890.57142857143,10922.57142857143,10602.3,0.015233056645078902,10815.0
2023-10-09,43.0,73.0,64.0,10815,282.0,2023,10,4,41,9,0,0,11130.0,11017.0,10892.0,10026.0,10861.714285714286,10917.07142857143,10628.6,-0.028301886792452824,10910.0
2023-10-10,41.0,60.0,71.0,10910,257.0,2023,10,4,41,10,1,0,10815.0,10984.0,11095.0,9873.0,10851.142857142857,10903.857142857143,10663.166666666666,0.00878409616273701,10960.0
2023-10-11,65.0,83.0,65.0,10960,266.0,2023,10,4,41,11,2,0,10910.0,10598.0,11064.0,10012.0,10902.857142857143,10896.42857142857,10694.766666666666,0.004582951420714965,10992.0
2023-10-12,38.0,80.0,82.0,10992,398.0,2023,10,4,41,12,3,0,10960.0,10724.0,11067.0,10180.0,10941.142857142857,10891.07142857143,10721.833333333334,0.0029197080291971655,10571.0
2023-10-15,56.0,82.0,68.0,10571,434.0,2023,10,4,41,15,6,1,10992.0,10818.0,10744.0,10280.0,10905.857142857143,10878.714285714286,10731.533333333333,-0.03830058224163024,10629.0
2023-10-16,74.0,103.0,80.0,10629,331.0,2023,10,4,42,16,0,0,10571.0,10963.0,10842.0,10140.0,10858.142857142857,10863.5,10747.833333333334,0.005486708920631855,10630.0
2023-10-17,68.0,107.0,102.0,10630,315.0,2023,10,4,42,17,1,0,10629.0,11130.0,10978.0,9988.0,10786.714285714286,10838.642857142857,10769.233333333334,9.408222786722042e-05,10511.0
2023-10-18,92.0,124.0,93.0,10511,393.0,2023,10,4,42,18,2,0,10630.0,10815.0,11017.0,10142.0,10743.285714285714,10802.5,10781.533333333333,-0.011194731890874832,10319.0
2023-10-19,113.0,162.0,107.0,10319,406.0,2023,10,4,42,19,3,0,10511.0,10910.0,10984.0,10356.0,10658.857142857143,10755.0,10780.3,-0.018266577870801992,9506.0
2023-10-22,106.0,196.0,131.0,9506,454.0,2023,10,4,42,22,6,1,10319.0,10960.0,10598.0,10419.0,10451.142857142857,10677.0,10749.866666666667,-0.07878670413799782,9436.0
2023-10-23,86.0,152.0,168.0,9436,327.0,2023,10,4,43,23,0,0,9506.0,10992.0,10724.0,10282.0,10228.857142857143,10585.0,10721.666666666666,-0.007363770250368162,9396.0
2023-10-24,84.0,118.0,136.0,9396,300.0,2023,10,4,43,24,1,0,9436.0,10571.0,10818.0,10492.0,10061.0,10483.42857142857,10685.133333333333,-0.004239084357778755,9351.0
2023-10-25,59.0,64.0,117.0,9351,293.0,2023,10,4,43,25,2,0,9396.0,10629.0,10963.0,10649.0,9878.42857142857,10368.285714285714,10641.866666666667,-0.004789272030651381,9235.0
2023-10-26,62.0,97.0,52.0,9235,390.0,2023,10,4,43,26,3,0,9351.0,10630.0,11130.0,10678.0,9679.142857142857,10232.92857142857,10593.766666666666,-0.01240509036466686,8925.0
2023-10-29,91.0,75.0,97.0,8925,418.0,2023,10,4,43,29,6,1,9235.0,10511.0,10815.0,10837.0,9452.57142857143,10097.92857142857,10530.033333333333,-0.03356794802382246,9026.0
2023-10-30,29.0,51.0,11.0,9026,278.0,2023,10,4,44,30,0,0,8925.0,10319.0,10910.0,10799.0,9267.857142857143,9963.357142857143,10470.933333333332,0.011316526610644306,9072.0
2023-10-31,33.0,53.0,34.0,9072,295.0,2023,10,4,44,31,1,0,9026.0,9506.0,10960.0,10892.0,9205.857142857143,9828.5,10410.266666666666,0.005096388211832448,9250.0
2023-11-01,132.0,235.0,197.0,9250,279.0,2023,11,4,44,1,2,0,9072.0,9436.0,10992.0,11095.0,9179.285714285714,9704.07142857143,10348.766666666666,0.019620811287478057,9442.0
2023-11-02,174.0,208.0,256.0,9442,330.0,2023,11,4,44,2,3,0,9250.0,9396.0,10571.0,11064.0,9185.857142857143,9623.42857142857,10294.7,0.02075675675675681,9273.0
2023-11-05,123.0,230.0,167.0,9273,370.0,2023,11,4,44,5,6,1,9442.0,9351.0,10629.0,11067.0,9174.714285714286,9526.57142857143,10234.9,-0.017898750264774388,9286.0
2023-11-06,123.0,233.0,159.0,9286,316.0,2023,11,4,45,6,0,0,9273.0,9235.0,10630.0,10744.0,9182.0,9430.57142857143,10186.3,0.0014019195513856886,9483.0
2023-11-07,141.0,232.0,188.0,9483,231.0,2023,11,4,45,7,1,0,9286.0,8925.0,10511.0,10842.0,9261.714285714286,9357.142857142857,10141.0,0.02121473185440448,9634.0
2023-11-08,158.0,226.0,191.0,9634,310.0,2023,11,4,45,8,2,0,9483.0,9026.0,10319.0,10978.0,9348.57142857143,9308.214285714286,10096.2,0.015923231045027908,9477.0
2023-11-12,96.0,160.0,233.0,9477,313.0,2023,11,4,45,12,6,1,9634.0,9072.0,9506.0,11017.0,9406.42857142857,9306.142857142857,10044.866666666667,-0.01629645007265934,9510.0
2023-11-13,141.0,173.0,129.0,9510,287.0,2023,11,4,46,13,0,0,9477.0,9250.0,9436.0,10984.0,9443.57142857143,9311.42857142857,9995.733333333334,0.0034821145932257824,9665.0
2023-11-14,116.0,181.0,182.0,9665,247.0,2023,11,4,46,14,1,0,9510.0,9442.0,9396.0,10598.0,9475.42857142857,9330.642857142857,9964.633333333333,0.01629863301787582,9762.0
2023-11-15,150.0,157.0,201.0,9762,316.0,2023,11,4,46,15,2,0,9665.0,9273.0,9351.0,10724.0,9545.285714285714,9360.0,9932.566666666668,0.010036213140196537,9762.0
2023-11-16,80.0,176.0,125.0,9762,374.0,2023,11,4,46,16,3,0,9762.0,9286.0,9235.0,10818.0,9613.285714285714,9397.642857142857,9897.366666666667,0.0,9573.0
2023-11-19,116.0,188.0,164.0,9573,435.0,2023,11,4,46,19,6,1,9762.0,9483.0,8925.0,10963.0,9626.142857142857,9443.92857142857,9851.033333333333,-0.019360786724031964,9638.0
2023-11-20,105.0,185.0,158.0,9638,298.0,2023,11,4,47,20,0,0,9573.0,9634.0,9026.0,11130.0,9626.714285714286,9487.642857142857,9801.3,0.006789930011490641,9804.0
2023-11-21,136.0,246.0,123.0,9804,250.0,2023,11,4,47,21,1,0,9638.0,9477.0,9072.0,10815.0,9673.42857142857,9539.92857142857,9767.6,0.017223490350695148,9838.0
2023-11-23,128.0,228.0,177.0,9838,283.0,2023,11,4,47,23,3,0,9804.0,9510.0,9250.0,10910.0,9720.285714285714,9581.92857142857,9731.866666666667,0.003467972256221863,9845.0
2023-11-26,90.0,196.0,205.0,9845,312.0,2023,11,4,47,26,6,1,9838.0,9665.0,9442.0,10960.0,9746.0,9610.714285714286,9694.7,0.0007115267330757291,10123.0
2023-11-27,56.0,82.0,68.0,10123,214.0,2023,11,4,48,27,0,0,9845.0,9762.0,9273.0,10992.0,9797.57142857143,9671.42857142857,9665.733333333334,0.02823768410360583,10223.0
2023-11-28,74.0,103.0,80.0,10223,223.0,2023,11,4,48,28,1,0,10123.0,9762.0,9286.0,10571.0,9863.42857142857,9738.357142857143,9654.133333333333,0.009878494517435499,10398.0
2023-11-29,68.0,107.0,102.0,10398,284.0,2023,11,4,48,29,2,0,10223.0,9573.0,9483.0,10629.0,9981.285714285714,9803.714285714286,9646.433333333332,0.017118262740878354,10536.0
2023-11-30,92.0,124.0,93.0,10536,320.0,2023,11,4,48,30,3,0,10398.0,9638.0,9634.0,10630.0,10109.57142857143,9868.142857142857,9643.3,0.013271783035199158,10579.0
2023-12-03,132.0,235.0,197.0,10579,417.0,2023,12,4,48,3,6,1,10536.0,9804.0,9477.0,10511.0,10220.285714285714,9946.857142857143,9645.566666666668,0.004081245254365928,10635.0
2023-12-04,174.0,208.0,256.0,10635,273.0,2023,12,4,49,4,0,0,10579.0,9838.0,9510.0,10319.0,10334.142857142857,10027.214285714286,9656.1,0.005293506002457704,10761.0
2023-12-05,123.0,230.0,167.0,10761,261.0,2023,12,4,49,5,1,0,10635.0,9845.0,9665.0,9506.0,10465.0,10105.5,9697.933333333332,0.011847672778561247,10832.0
2023-12-06,123.0,233.0,159.0,10832,376.0,2023,12,4,49,6,2,0,10761.0,10123.0,9762.0,9436.0,10566.285714285714,10181.92857142857,9744.466666666667,0.006597899823436393,10897.0
2023-12-07,141.0,232.0,188.0,10897,466.0,2023,12,4,49,7,3,0,10832.0,10223.0,9762.0,9396.0,10662.57142857143,10263.0,9794.5,0.0060007385524372125,10871.0
2023-12-10,158.0,226.0,191.0,10871,411.0,2023,12,4,49,10,6,1,10897.0,10398.0,9573.0,9351.0,10730.142857142857,10355.714285714286,9845.166666666666,-0.0023859777920528513,10998.0
2023-12-11,96.0,160.0,233.0,10998,304.0,2023,12,4,50,11,0,0,10871.0,10536.0,9638.0,9235.0,10796.142857142857,10452.857142857143,9903.933333333332,0.011682457915555222,11077.0
2023-12-12,141.0,173.0,129.0,11077,259.0,2023,12,4,50,12,1,0,10998.0,10579.0,9804.0,8925.0,10867.285714285714,10543.785714285714,9975.666666666666,0.007183124204400704,11192.0
2023-12-13,116.0,181.0,182.0,11192,335.0,2023,12,4,50,13,2,0,11077.0,10635.0,9838.0,9026.0,10946.857142857143,10640.5,10047.866666666667,0.010381872348108612,11242.0
2023-12-14,150.0,157.0,201.0,11242,396.0,2023,12,4,50,14,3,0,11192.0,10761.0,9845.0,9072.0,11015.57142857143,10740.285714285714,10120.2,0.004467476769120848,11092.0
2023-12-17,80.0,176.0,125.0,11092,456.0,2023,12,4,50,17,6,1,11242.0,10832.0,10123.0,9250.0,11052.714285714286,10809.5,10181.6,-0.013342821561999618,11149.0
2023-12-18,116.0,188.0,164.0,11149,364.0,2023,12,4,51,18,0,0,11092.0,10897.0,10223.0,9442.0,11088.714285714286,10875.642857142857,10238.5,0.005138838802740686,11291.0
2023-12-19,105.0,185.0,158.0,11291,272.0,2023,12,4,51,19,1,0,11149.0,10871.0,10398.0,9273.0,11148.714285714286,10939.42857142857,10305.766666666666,0.012736568302089912,11516.0
2023-12-20,136.0,246.0,123.0,11516,390.0,2023,12,4,51,20,2,0,11291.0,10998.0,10536.0,9286.0,11222.714285714286,11009.42857142857,10380.1,0.019927375786024326,11375.0
2023-12-21,128.0,228.0,177.0,11375,497.0,2023,12,4,51,21,3,0,11516.0,11077.0,10579.0,9483.0,11265.285714285714,11066.285714285714,10443.166666666666,-0.012243834664814157,11144.0
2023-12-25,90.0,196.0,205.0,11144,347.0,2023,12,4,52,25,0,0,11375.0,11192.0,10635.0,9634.0,11258.42857142857,11102.642857142857,10493.5,-0.02030769230769236,11217.0
2023-12-26,56.0,82.0,68.0,11217,288.0,2023,12,4,52,26,1,0,11144.0,11242.0,10761.0,9477.0,11254.857142857143,11135.214285714286,10551.5,0.00655061019382619,11206.0
2023-12-27,74.0,103.0,80.0,11206,335.0,2023,12,4,52,27,2,0,11217.0,11092.0,10832.0,9510.0,11271.142857142857,11161.92857142857,10608.033333333333,-0.0009806543639119258,11230.0
2023-12-28,68.0,107.0,102.0,11230,357.0,2023,12,4,52,28,3,0,11206.0,11149.0,10897.0,9665.0,11282.714285714286,11185.714285714286,10660.2,0.002141709798322289,10870.0
2024-01-01,92.0,124.0,93.0,10870,290.0,2024,1,1,1,1,0,0,11230.0,11291.0,10871.0,9762.0,11222.57142857143,11185.642857142857,10697.133333333333,-0.032056990204808566,10770.0
2024-01-02,113.0,162.0,107.0,10770,316.0,2024,1,1,1,2,1,0,10870.0,11516.0,10998.0,9762.0,11116.0,11169.357142857143,10730.733333333334,-0.009199632014719406,10718.0
2024-01-03,106.0,196.0,131.0,10718,263.0,2024,1,1,1,3,2,0,10770.0,11375.0,11077.0,9573.0,11022.142857142857,11143.714285714286,10768.9,-0.004828226555246062,10558.0
2024-01-04,86.0,152.0,168.0,10558,362.0,2024,1,1,1,4,3,0,10718.0,11144.0,11192.0,9638.0,10938.42857142857,11098.42857142857,10799.566666666668,-0.014928158238477374,9670.0
2024-01-07,84.0,118.0,136.0,9670,367.0,2024,1,1,1,7,6,1,10558.0,11217.0,11242.0,9804.0,10717.42857142857,10986.142857142857,10795.1,-0.08410683841636679,9670.0
2024-01-08,59.0,64.0,117.0,9670,367.0,2024,1,1,2,8,0,0,9670.0,11206.0,11092.0,9838.0,10498.0,10884.57142857143,10789.5,0.0,9311.0
2024-01-09,62.0,97.0,52.0,9311,286.0,2024,1,1,2,9,1,0,9670.0,11230.0,11149.0,9845.0,10223.857142857143,10753.285714285714,10771.7,-0.037125129265770385,9144.0
2024-01-10,91.0,75.0,97.0,9144,349.0,2024,1,1,2,10,2,0,9311.0,10870.0,11291.0,10123.0,9977.285714285714,10599.92857142857,10739.066666666668,-0.017935774889915157,8829.0
2024-01-11,29.0,51.0,11.0,8829,476.0,2024,1,1,2,11,3,0,9144.0,10770.0,11516.0,10223.0,9700.0,10408.0,10692.6,-0.034448818897637845,8033.0
2024-01-15,33.0,53.0,34.0,8033,234.0,2024,1,1,3,15,0,0,8829.0,10718.0,11375.0,10398.0,9316.42857142857,10169.285714285714,10613.766666666666,-0.09015743572318491,8133.0
2024-01-16,32.0,49.0,39.0,8133,188.0,2024,1,1,3,16,1,0,8033.0,10558.0,11144.0,10536.0,8970.0,9954.214285714286,10533.666666666666,0.012448649321548544,8072.0
2024-01-17,80.0,176.0,125.0,8072,353.0,2024,1,1,3,17,2,0,8133.0,9670.0,11217.0,10579.0,8741.714285714286,9729.57142857143,10450.1,-0.007500307389647132,8042.0
2024-01-18,116.0,188.0,164.0,8042,359.0,2024,1,1,3,18,3,0,8072.0,9670.0,11206.0,10635.0,8509.142857142857,9503.57142857143,10363.666666666666,-0.003716551040634286,7974.0
2024-01-21,105.0,185.0,158.0,7974,371.0,2024,1,1,3,21,6,1,8042.0,9311.0,11230.0,10761.0,8318.142857142857,9271.0,10270.766666666666,-0.008455608057697073,8008.0
2024-01-22,136.0,246.0,123.0,8008,222.0,2024,1,1,4,22,0,0,7974.0,9144.0,10870.0,10832.0,8155.857142857143,9066.57142857143,10176.633333333333,0.004263857536995319,8133.0
2024-01-23,128.0,228.0,177.0,8133,202.0,2024,1,1,4,23,1,0,8008.0,8829.0,10770.0,10897.0,8056.428571428572,8878.214285714286,10084.5,0.015609390609390594,8212.0
2024-01-24,90.0,196.0,205.0,8212,243.0,2024,1,1,4,24,2,0,8133.0,8033.0,10718.0,10871.0,8082.0,8699.214285714286,9995.866666666667,0.009713512848887218,8180.0
2024-01-25,102.0,189.0,155.0,8180,293.0,2024,1,1,4,25,3,0,8212.0,8133.0,10558.0,10998.0,8088.714285714285,8529.357142857143,9901.933333333332,-0.003896736483195329,8004.0
2024-01-28,120.0,257.0,126.0,8004,307.0,2024,1,1,4,28,6,1,8180.0,8072.0,9670.0,11077.0,8079.0,8410.357142857143,9799.5,-0.021515892420537863,8057.0
2024-01-29,137.0,272.0,166.0,8057,195.0,2024,1,1,5,29,0,0,8004.0,8042.0,9670.0,11192.0,8081.142857142857,8295.142857142857,9695.0,0.006621689155422272,8182.0
2024-01-30,93.0,198.0,208.0,8182,187.0,2024,1,1,5,30,1,0,8057.0,7974.0,9311.0,11242.0,8110.857142857143,8214.5,9593.0,0.015514459476231757,8153.0
2024-01-31,203.0,477.0,258.0,8153,266.0,2024,1,1,5,31,2,0,8182.0,8008.0,9144.0,11092.0,8131.571428571428,8143.714285714285,9495.033333333333,-0.0035443656807626622,8026.0
2024-02-01,222.0,459.0,289.0,8026,337.0,2024,2,1,5,1,3,0,8153.0,8133.0,8829.0,11149.0,8116.285714285715,8086.357142857143,9390.933333333332,-0.01557708818839687,7813.0
2024-02-04,253.0,531.0,248.0,7813,342.0,2024,2,1,5,4,6,1,8026.0,8212.0,8033.0,11291.0,8059.285714285715,8070.642857142857,9275.0,-0.026538749065536993,7872.0
2024-02-05,157.0,466.0,345.0,7872,242.0,2024,2,1,6,5,0,0,7813.0,8180.0,8133.0,11516.0,8015.285714285715,8052.0,9153.533333333333,0.0075515167029309715,8045.0
2024-02-06,291.0,455.0,323.0,8045,178.0,2024,2,1,6,6,1,0,7872.0,8004.0,8072.0,11375.0,8021.142857142857,8050.071428571428,9042.533333333333,0.02197662601626016,8160.0
2024-02-07,227.0,453.0,330.0,8160,222.0,2024,2,1,6,7,2,0,8045.0,8057.0,8042.0,11144.0,8035.857142857143,8058.5,8943.066666666668,0.01429459291485391,8188.0
2024-02-08,298.0,499.0,358.0,8188,315.0,2024,2,1,6,8,3,0,8160.0,8182.0,7974.0,11217.0,8036.714285714285,8073.785714285715,8842.1,0.0034313725490195957,8056.0
2024-02-11,205.0,515.0,226.0,8056,347.0,2024,2,1,6,11,6,1,8188.0,8153.0,8008.0,11206.0,8022.857142857143,8077.214285714285,8737.1,-0.016121152906692693,8092.0
2024-02-12,213.0,430.0,440.0,8092,234.0,2024,2,1,7,12,0,0,8056.0,8026.0,8133.0,11230.0,8032.285714285715,8074.285714285715,8632.5,0.004468718967229446,8348.0
2024-02-13,227.0,369.0,349.0,8348,160.0,2024,2,1,7,13,1,0,8092.0,7813.0,8212.0,10870.0,8108.714285714285,8084.0,8548.433333333332,0.03163618388531875,8512.0
2024-02-14,185.0,322.0,272.0,8512,230.0,2024,2,1,7,14,2,0,8348.0,7872.0,8180.0,10770.0,8200.142857142857,8107.714285714285,8473.166666666666,0.01964542405366565,8463.0
2024-02-15,333.0,508.0,272.0,8463,312.0,2024,2,1,7,15,3,0,8512.0,8045.0,8004.0,10718.0,8259.857142857143,8140.5,8398.0,-0.005756578947368474,8380.0
2024-02-19,249.0,420.0,371.0,8380,218.0,2024,2,1,8,19,0,0,8463.0,8160.0,8057.0,10558.0,8291.285714285714,8163.571428571428,8325.4,-0.009807396904171095,8488.0
2024-02-20,149.0,395.0,273.0,8488,192.0,2024,2,1,8,20,1,0,8380.0,8188.0,8182.0,9670.0,8334.142857142857,8185.428571428572,8286.0,0.01288782816229106,8573.0
2024-02-21,232.0,430.0,318.0,8573,231.0,2024,2,1,8,21,2,0,8488.0,8056.0,8153.0,9670.0,8408.0,8215.42857142857,8249.433333333332,0.010014137606032092,8607.0
2024-02-22,165.0,400.0,292.0,8607,293.0,2024,2,1,8,22,3,0,8573.0,8092.0,8026.0,9311.0,8481.57142857143,8256.92857142857,8225.966666666667,0.003965939577744049,8404.0
2024-02-25,244.0,482.0,366.0,8404,329.0,2024,2,1,8,25,6,1,8607.0,8348.0,7813.0,9144.0,8489.57142857143,8299.142857142857,8201.3,-0.023585453700476378,8404.0
2024-02-26,199.0,438.0,326.0,8404,329.0,2024,2,1,9,26,0,0,8404.0,8512.0,7872.0,8829.0,8474.142857142857,8337.142857142857,8187.133333333333,0.0,8650.0
2024-02-27,197.0,369.0,306.0,8650,206.0,2024,2,1,9,27,1,0,8404.0,8463.0,8045.0,8033.0,8500.857142857143,8380.357142857143,8207.7,0.029271775345073747,8699.0
2024-02-28,209.0,447.0,274.0,8699,257.0,2024,2,1,9,28,2,0,8650.0,8380.0,8160.0,8133.0,8546.42857142857,8418.857142857143,8226.566666666668,0.0056647398843929775,8724.0
2024-02-29,262.0,444.0,354.0,8724,299.0,2024,2,1,9,29,3,0,8699.0,8488.0,8188.0,8072.0,8580.142857142857,8457.142857142857,8248.3,0.0028738935509828867,8594.0
2024-03-03,236.0,468.0,347.0,8594,354.0,2024,3,1,9,3,6,1,8724.0,8573.0,8056.0,8042.0,8583.142857142857,8495.57142857143,8266.7,-0.014901421366345757,8660.0
2024-03-04,225.0,509.0,340.0,8660,229.0,2024,3,1,10,4,0,0,8594.0,8607.0,8092.0,7974.0,8590.714285714286,8536.142857142857,8289.566666666668,0.007679776588317422,8800.0
2024-03-05,246.0,472.0,345.0,8800,214.0,2024,3,1,10,5,1,0,8660.0,8404.0,8348.0,8008.0,8647.285714285714,8568.42857142857,8315.966666666667,0.01616628175519641,8870.0
2024-03-06,230.0,457.0,277.0,8870,232.0,2024,3,1,10,6,2,0,8800.0,8404.0,8512.0,8133.0,8713.857142857143,8594.0,8340.533333333333,0.007954545454545547,8902.0
2024-03-07,181.0,424.0,328.0,8902,305.0,2024,3,1,10,7,3,0,8870.0,8650.0,8463.0,8212.0,8749.857142857143,8625.357142857143,8363.533333333333,0.0036076662908681723,8714.0
2024-03-10,190.0,368.0,326.0,8714,373.0,2024,3,1,10,10,6,1,8902.0,8699.0,8380.0,8180.0,8752.0,8649.214285714286,8381.333333333334,-0.021118849696697417,8757.0
2024-03-11,178.0,336.0,290.0,8757,253.0,2024,3,1,11,11,0,0,8714.0,8724.0,8488.0,8004.0,8756.714285714286,8668.42857142857,8406.433333333332,0.004934588019279262,8843.0
2024-03-12,154.0,294.0,290.0,8843,213.0,2024,3,1,11,12,1,0,8757.0,8594.0,8573.0,8057.0,8792.285714285714,8687.714285714286,8432.633333333333,0.009820714856686008,8819.0
2024-03-13,165.0,358.0,167.0,8819,239.0,2024,3,1,11,13,2,0,8843.0,8660.0,8607.0,8182.0,8815.0,8702.857142857143,8453.866666666667,-0.00271401108221192,8695.0
2024-03-14,166.0,301.0,252.0,8695,310.0,2024,3,1,11,14,3,0,8819.0,8800.0,8404.0,8153.0,8800.0,8723.642857142857,8471.933333333332,-0.014060551082889172,8373.0
2024-03-17,127.0,260.0,259.0,8373,342.0,2024,3,1,11,17,6,1,8695.0,8870.0,8404.0,8026.0,8729.0,8721.42857142857,8483.5,-0.03703277745830935,8333.0
2024-03-18,123.0,243.0,188.0,8333,283.0,2024,3,1,12,18,0,0,8373.0,8902.0,8650.0,7813.0,8647.714285714286,8698.785714285714,8500.833333333334,-0.004777260241251691,8390.0
2024-03-19,99.0,202.0,256.0,8390,197.0,2024,3,1,12,19,1,0,8333.0,8714.0,8699.0,7872.0,8601.42857142857,8676.714285714286,8518.1,0.006840273610944525,8365.0
2024-03-20,91.0,181.0,174.0,8365,227.0,2024,3,1,12,20,2,0,8390.0,8757.0,8724.0,8045.0,8545.42857142857,8651.07142857143,8528.766666666666,-0.0029797377830751426,8292.0
2024-03-21,132.0,261.0,141.0,8292,235.0,2024,3,1,12,21,3,0,8365.0,8843.0,8594.0,8160.0,8466.714285714286,8629.5,8533.166666666666,-0.008726838015540972,7899.0
2024-03-24,124.0,264.0,221.0,7899,373.0,2024,3,1,12,24,6,1,8292.0,8819.0,8660.0,8188.0,8335.285714285714,8575.142857142857,8523.533333333333,-0.04739507959479017,7899.0
2024-03-25,128.0,242.0,224.0,7899,229.0,2024,3,1,13,25,0,0,7899.0,8695.0,8800.0,8056.0,8221.57142857143,8510.785714285714,8518.3,0.0,7919.0
2024-03-26,187.0,276.0,200.0,7919,208.0,2024,3,1,13,26,1,0,7899.0,8373.0,8870.0,8092.0,8156.714285714285,8442.857142857143,8512.533333333333,0.0025319660716547343,7893.0
2024-03-27,129.0,287.0,185.0,7893,215.0,2024,3,1,13,27,2,0,7919.0,8333.0,8902.0,8348.0,8093.857142857143,8370.785714285714,8497.366666666667,-0.00328324283369108,7762.0
2024-03-28,161.0,288.0,248.0,7762,360.0,2024,3,1,13,28,3,0,7893.0,8390.0,8714.0,8512.0,8004.142857142857,8302.785714285714,8472.366666666667,-0.016596984669960735,7257.0
2024-03-31,105.0,254.0,151.0,7257,287.0,2024,3,1,13,31,6,1,7762.0,8365.0,8757.0,8463.0,7845.857142857143,8195.642857142857,8432.166666666666,-0.06506055140427724,7271.0
2024-04-01,109.0,235.0,171.0,7271,172.0,2024,4,2,14,1,0,0,7257.0,8292.0,8843.0,8380.0,7700.0,8083.357142857143,8395.2,0.0019291718340912478,7340.0
2024-04-02,101.0,230.0,175.0,7340,132.0,2024,4,2,14,2,1,0,7271.0,7899.0,8819.0,8488.0,7620.142857142857,7977.714285714285,8356.933333333332,0.009489753816531499,7346.0
2024-04-03,124.0,230.0,190.0,7346,163.0,2024,4,2,14,3,2,0,7340.0,7899.0,8695.0,8573.0,7541.142857142857,7881.357142857143,8316.033333333333,0.0008174386920980492,7317.0
2024-04-04,95.0,226.0,152.0,7317,225.0,2024,4,2,14,4,3,0,7346.0,7919.0,8373.0,8607.0,7455.142857142857,7805.928571428572,8273.033333333333,-0.00394772665396137,6982.0
2024-04-07,106.0,239.0,233.0,6982,279.0,2024,4,2,14,7,6,1,7317.0,7893.0,8333.0,8404.0,7325.0,7709.428571428572,8225.633333333333,-0.04578379117124509,6988.0
2024-04-08,102.0,230.0,167.0,6988,199.0,2024,4,2,15,8,0,0,6982.0,7762.0,8390.0,8404.0,7214.428571428572,7609.285714285715,8178.433333333333,0.0008593526210254332,7043.0
2024-04-09,118.0,231.0,217.0,7043,130.0,2024,4,2,15,9,1,0,6988.0,7257.0,8365.0,8650.0,7183.857142857143,7514.857142857143,8124.866666666667,0.007870635374928492,6999.0
2024-04-10,117.0,244.0,142.0,6999,227.0,2024,4,2,15,10,2,0,7043.0,7271.0,8292.0,8699.0,7145.0,7422.5,8068.2,-0.006247337782195106,6912.0
2024-04-11,183.0,221.0,220.0,6912,285.0,2024,4,2,15,11,3,0,6999.0,7340.0,7899.0,8724.0,7083.857142857143,7352.0,8007.8,-0.01243034719245606,6630.0
2024-04-14,128.0,245.0,243.0,6630,290.0,2024,4,2,15,14,6,1,6912.0,7346.0,7899.0,8594.0,6981.571428571428,7261.357142857143,7942.333333333333,-0.04079861111111116,6681.0
2024-04-15,144.0,303.0,176.0,6681,191.0,2024,4,2,16,15,0,0,6630.0,7317.0,7919.0,8660.0,6890.714285714285,7172.928571428572,7876.366666666667,0.007692307692307665,6685.0
2024-04-16,219.0,392.0,205.0,6685,163.0,2024,4,2,16,16,1,0,6681.0,6982.0,7893.0,8800.0,6848.285714285715,7086.642857142857,7805.866666666667,0.0005987127675497472,6725.0
2024-04-17,182.0,371.0,274.0,6725,227.0,2024,4,2,16,17,2,0,6685.0,6988.0,7762.0,8870.0,6810.714285714285,7012.571428571428,7734.366666666667,0.005983545250560995,6728.0
2024-04-18,144.0,322.0,258.0,6728,260.0,2024,4,2,16,18,3,0,6725.0,7043.0,7257.0,8902.0,6765.714285714285,6974.785714285715,7661.9,0.0004460966542751965,6745.0
2024-04-21,208.0,380.0,343.0,6745,240.0,2024,4,2,16,21,6,1,6728.0,6999.0,7271.0,8714.0,6729.428571428572,6937.214285714285,7596.266666666666,0.0025267538644471177,6799.0
2024-04-22,176.0,424.0,251.0,6799,214.0,2024,4,2,17,22,0,0,6745.0,6912.0,7340.0,8757.0,6713.285714285715,6898.571428571428,7531.0,0.00800593031875474,6967.0
2024-04-23,252.0,427.0,307.0,6967,134.0,2024,4,2,17,23,1,0,6799.0,6630.0,7346.0,8843.0,6761.428571428572,6871.5,7468.466666666666,0.024709516105309692,7128.0
2024-04-24,253.0,411.0,307.0,7128,154.0,2024,4,2,17,24,2,0,6967.0,6681.0,7317.0,8819.0,6825.285714285715,6858.0,7412.1,0.023108942155877665,7209.0
2024-04-25,145.0,357.0,333.0,7209,217.0,2024,4,2,17,25,3,0,7128.0,6685.0,6982.0,8695.0,6900.142857142857,6874.214285714285,7362.566666666667,0.011363636363636465,7298.0
2024-04-28,158.0,349.0,365.0,7298,250.0,2024,4,2,17,28,6,1,7209.0,6725.0,6988.0,8373.0,6982.0,6896.357142857143,7326.733333333334,0.012345679012345734,7373.0
2024-04-29,140.0,292.0,255.0,7373,187.0,2024,4,2,18,29,0,0,7298.0,6728.0,7043.0,8333.0,7074.142857142857,6919.928571428572,7294.733333333334,0.010276788161140082,7431.0
2024-04-30,220.0,443.0,194.0,7431,135.0,2024,4,2,18,30,1,0,7373.0,6745.0,6999.0,8390.0,7172.142857142857,6950.785714285715,7262.766666666666,0.007866540078665496,7508.0
2024-05-01,197.0,437.0,295.0,7508,190.0,2024,5,2,18,1,2,0,7431.0,6799.0,6912.0,8365.0,7273.428571428572,6993.357142857143,7234.2,0.010361997039429527,7577.0
2024-05-02,206.0,411.0,293.0,7577,194.0,2024,5,2,18,2,3,0,7508.0,6967.0,6630.0,8292.0,7360.571428571428,7061.0,7210.366666666667,0.009190197123068788,7447.0
2024-05-05,150.0,315.0,228.0,7447,332.0,2024,5,2,18,5,6,1,7577.0,7128.0,6681.0,7899.0,7406.142857142857,7115.714285714285,7195.3,-0.017157186221459675,7449.0
2024-05-06,173.0,337.0,211.0,7449,205.0,2024,5,2,19,6,0,0,7447.0,7209.0,6685.0,7899.0,7440.428571428572,7170.285714285715,7180.3,0.0002685645226265798,7566.0
2024-05-07,176.0,334.0,246.0,7566,163.0,2024,5,2,19,7,1,0,7449.0,7298.0,6725.0,7919.0,7478.714285714285,7230.357142857143,7168.533333333334,0.015706806282722585,7583.0
2024-05-08,167.0,374.0,205.0,7583,202.0,2024,5,2,19,8,2,0,7566.0,7373.0,6728.0,7893.0,7508.714285714285,7291.428571428572,7158.2,0.002246893999471311,7570.0
2024-05-09,138.0,285.0,268.0,7570,244.0,2024,5,2,19,9,3,0,7583.0,7431.0,6745.0,7762.0,7528.571428571428,7350.357142857143,7151.8,-0.0017143610708163504,7464.0
2024-05-12,138.0,301.0,263.0,7464,245.0,2024,5,2,19,12,6,1,7570.0,7508.0,6799.0,7257.0,7522.285714285715,7397.857142857143,7158.7,-0.014002642007926003,7499.0
2024-05-13,112.0,331.0,167.0,7499,157.0,2024,5,2,20,13,0,0,7464.0,7577.0,6967.0,7271.0,7511.142857142857,7435.857142857143,7166.3,0.004689174705251986,7546.0
2024-05-14,246.0,419.0,218.0,7546,186.0,2024,5,2,20,14,1,0,7499.0,7447.0,7128.0,7340.0,7525.285714285715,7465.714285714285,7173.166666666667,0.006267502333644481,7589.0
2024-05-15,115.0,285.0,341.0,7589,265.0,2024,5,2,20,15,2,0,7546.0,7449.0,7209.0,7346.0,7545.285714285715,7492.857142857143,7181.266666666666,0.005698383249403749,7565.0
2024-05-16,206.0,340.0,214.0,7565,234.0,2024,5,2,20,16,3,0,7589.0,7566.0,7298.0,7317.0,7545.142857142857,7511.928571428572,7189.533333333334,-0.003162471998945815,7356.0
2024-05-19,143.0,295.0,278.0,7356,298.0,2024,5,2,20,19,6,1,7565.0,7583.0,7373.0,6982.0,7512.714285714285,7510.714285714285,7202.0,-0.02762723066754791,7368.0
2024-05-20,111.0,268.0,217.0,7368,192.0,2024,5,2,21,20,0,0,7356.0,7570.0,7431.0,6988.0,7483.857142857143,7506.214285714285,7214.666666666667,0.0016313213703098572,7404.0
2024-05-21,196.0,348.0,176.0,7404,145.0,2024,5,2,21,21,1,0,7368.0,7464.0,7508.0,7043.0,7475.285714285715,7498.785714285715,7226.7,0.004885993485342022,7474.0
2024-05-22,168.0,349.0,272.0,7474,208.0,2024,5,2,21,22,2,0,7404.0,7499.0,7577.0,6999.0,7471.714285714285,7491.428571428572,7242.533333333334,0.009454349000540319,7494.0
2024-05-23,193.0,272.0,314.0,7494,227.0,2024,5,2,21,23,3,0,7474.0,7546.0,7447.0,6912.0,7464.285714285715,7494.785714285715,7261.933333333333,0.0026759432700027563,7365.0
2024-05-27,156.0,344.0,252.0,7365,167.0,2024,5,2,22,27,0,0,7494.0,7589.0,7449.0,6630.0,7432.285714285715,7488.785714285715,7286.433333333333,-0.01721377101681343,7418.0
2024-05-28,153.0,348.0,239.0,7418,151.0,2024,5,2,22,28,1,0,7365.0,7565.0,7566.0,6681.0,7411.285714285715,7478.214285714285,7311.0,0.007196198234894702,7491.0
2024-05-29,182.0,462.0,158.0,7491,141.0,2024,5,2,22,29,2,0,7418.0,7356.0,7583.0,6685.0,7430.571428571428,7471.642857142857,7337.866666666667,0.009840927473712568,7563.0
2024-05-30,167.0,406.0,339.0,7563,190.0,2024,5,2,22,30,3,0,7491.0,7368.0,7570.0,6725.0,7458.428571428572,7471.142857142857,7365.8,0.009611533840608644,7546.0
2024-06-02,159.0,330.0,322.0,7546,306.0,2024,6,2,22,2,6,1,7563.0,7404.0,7464.0,6728.0,7478.714285714285,7477.0,7393.066666666667,-0.002247785270395375,7596.0
2024-06-03,109.0,244.0,257.0,7596,224.0,2024,6,2,23,3,0,0,7546.0,7474.0,7499.0,6745.0,7496.142857142857,7483.928571428572,7421.433333333333,0.0066260270341902405,7565.0
2024-06-04,260.0,356.0,176.0,7565,203.0,2024,6,2,23,4,1,0,7596.0,7494.0,7546.0,6799.0,7506.285714285715,7485.285714285715,7446.966666666666,-0.004081095313322791,7691.0
2024-06-05,173.0,345.0,291.0,7691,198.0,2024,6,2,23,5,2,0,7565.0,7365.0,7589.0,6967.0,7552.857142857143,7492.571428571428,7471.1,0.016655651024454654,7741.0
2024-06-06,179.0,326.0,282.0,7741,238.0,2024,6,2,23,6,3,0,7691.0,7418.0,7565.0,7128.0,7599.0,7505.142857142857,7491.533333333334,0.00650110518788205,7451.0
2024-06-09,116.0,289.0,166.0,7451,312.0,2024,6,2,23,9,6,1,7741.0,7491.0,7356.0,7209.0,7593.285714285715,7511.928571428572,7499.6,-0.03746286009559485,7439.0
2024-06-10,184.0,334.0,229.0,7439,212.0,2024,6,2,24,10,0,0,7451.0,7563.0,7368.0,7298.0,7575.571428571428,7517.0,7504.3,-0.0016105220775735063,7493.0
2024-06-11,186.0,352.0,224.0,7493,156.0,2024,6,2,24,11,1,0,7439.0,7546.0,7404.0,7373.0,7568.0,7523.357142857143,7508.3,0.007259040193574373,7548.0
2024-06-12,152.0,266.0,274.0,7548,212.0,2024,6,2,24,12,2,0,7493.0,7596.0,7474.0,7431.0,7561.142857142857,7528.642857142857,7512.2,0.00734018417189386,7544.0
2024-06-13,167.0,293.0,230.0,7544,259.0,2024,6,2,24,13,3,0,7548.0,7565.0,7494.0,7508.0,7558.142857142857,7532.214285714285,7513.4,-0.0005299417064122958,7307.0
2024-06-16,204.0,315.0,233.0,7307,294.0,2024,6,2,24,16,6,1,7544.0,7691.0,7365.0,7577.0,7503.285714285715,7528.071428571428,7504.4,-0.03141569459172855,7318.0
2024-06-17,159.0,310.0,272.0,7318,224.0,2024,6,2,25,17,0,0,7307.0,7741.0,7418.0,7447.0,7442.857142857143,7520.928571428572,7500.1,0.0015054057752839078,7340.0
2024-06-18,160.0,297.0,253.0,7340,214.0,2024,6,2,25,18,1,0,7318.0,7451.0,7491.0,7449.0,7427.0,7510.142857142857,7496.466666666666,0.003006285870456482,7433.0
2024-06-19,204.0,321.0,246.0,7433,198.0,2024,6,2,25,19,2,0,7340.0,7439.0,7563.0,7566.0,7426.142857142857,7500.857142857143,7492.033333333334,0.01267029972752054,7431.0
2024-06-20,145.0,247.0,243.0,7431,235.0,2024,6,2,25,20,3,0,7433.0,7493.0,7546.0,7583.0,7417.285714285715,7492.642857142857,7486.966666666666,-0.00026907036189960376,7247.0
2024-06-23,102.0,227.0,201.0,7247,294.0,2024,6,2,25,23,6,1,7431.0,7548.0,7596.0,7570.0,7374.285714285715,7467.714285714285,7476.2,-0.024761135782532584,7239.0
2024-06-24,116.0,175.0,172.0,7239,202.0,2024,6,2,26,24,0,0,7247.0,7544.0,7565.0,7464.0,7330.714285714285,7444.428571428572,7468.7,-0.0011039050641644677,7239.0
2024-06-25,172.0,263.0,191.0,7239,202.0,2024,6,2,26,25,1,0,7239.0,7307.0,7691.0,7499.0,7321.0,7412.142857142857,7460.033333333334,0.0,7268.0
2024-06-26,132.0,235.0,197.0,7268,187.0,2024,6,2,26,26,2,0,7239.0,7318.0,7741.0,7546.0,7313.857142857143,7378.357142857143,7450.766666666666,0.004006078187595019,7248.0
2024-06-27,174.0,208.0,256.0,7248,268.0,2024,6,2,26,27,3,0,7268.0,7340.0,7451.0,7589.0,7300.714285714285,7363.857142857143,7439.4,-0.0027517886626307053,6874.0
2024-06-30,123.0,230.0,167.0,6874,273.0,2024,6,2,26,30,6,1,7248.0,7433.0,7439.0,7565.0,7220.857142857143,7323.5,7416.366666666667,-0.051600441501103766,6825.0
2024-07-01,123.0,233.0,159.0,6825,229.0,2024,7,3,27,1,0,0,6874.0,7431.0,7493.0,7356.0,7134.285714285715,7275.785714285715,7398.666666666667,-0.007128309572301372,6823.0
2024-07-02,141.0,232.0,188.0,6823,184.0,2024,7,3,27,2,1,0,6825.0,7247.0,7548.0,7368.0,7073.714285714285,7224.0,7380.5,-0.0002930402930403364,6790.0
2024-07-04,158.0,226.0,191.0,6790,225.0,2024,7,3,27,4,3,0,6823.0,7239.0,7544.0,7404.0,7009.571428571428,7170.142857142857,7360.033333333334,-0.004836582148614932,6599.0
2024-07-07,96.0,160.0,233.0,6599,213.0,2024,7,3,27,7,6,1,6790.0,7239.0,7307.0,7474.0,6918.142857142857,7119.571428571428,7330.866666666667,-0.02812960235640649,6617.0
2024-07-08,141.0,173.0,129.0,6617,123.0,2024,7,3,28,8,0,0,6599.0,7268.0,7318.0,7494.0,6825.142857142857,7069.5,7301.633333333333,0.0027276860130323044,6651.0
2024-07-09,116.0,181.0,182.0,6651,130.0,2024,7,3,28,9,1,0,6617.0,7248.0,7340.0,7365.0,6739.857142857143,7020.285714285715,7277.833333333333,0.005138280187396038,6649.0
2024-07-10,150.0,157.0,201.0,6649,177.0,2024,7,3,28,10,2,0,6651.0,6874.0,7433.0,7418.0,6707.714285714285,6964.285714285715,7252.2,-0.0003007066606525166,6640.0
2024-07-11,80.0,176.0,125.0,6640,197.0,2024,7,3,28,11,3,0,6649.0,6825.0,7431.0,7491.0,6681.285714285715,6907.785714285715,7223.833333333333,-0.0013535870055647603,6308.0
2024-07-14,116.0,188.0,164.0,6308,237.0,2024,7,3,28,14,6,1,6640.0,6823.0,7247.0,7563.0,6607.714285714285,6840.714285714285,7182.0,-0.050000000000000044,6283.0
2024-07-15,105.0,185.0,158.0,6283,171.0,2024,7,3,29,15,0,0,6308.0,6790.0,7239.0,7546.0,6535.285714285715,6772.428571428572,7139.9,-0.003963221306277798,6239.0
2024-07-16,136.0,246.0,123.0,6239,173.0,2024,7,3,29,16,1,0,6283.0,6599.0,7239.0,7596.0,6483.857142857143,6701.0,7094.666666666667,-0.007003024033105154,6228.0
2024-07-17,128.0,228.0,177.0,6228,187.0,2024,7,3,29,17,2,0,6239.0,6617.0,7268.0,7565.0,6428.285714285715,6626.714285714285,7050.1,-0.0017631030613880494,6058.0
2024-07-21,90.0,196.0,205.0,6058,262.0,2024,7,3,29,21,6,1,6228.0,6651.0,7248.0,7691.0,6343.571428571428,6541.714285714285,6995.666666666667,-0.02729608220937696,6002.0
2024-07-22,102.0,189.0,155.0,6002,234.0,2024,7,3,30,22,0,0,6058.0,6649.0,6874.0,7741.0,6251.142857142857,6479.428571428572,6937.7,-0.009243974909210917,5965.0
2024-07-23,120.0,257.0,126.0,5965,170.0,2024,7,3,30,23,1,0,6002.0,6640.0,6825.0,7451.0,6154.714285714285,6418.0,6888.166666666667,-0.006164611796067976,5927.0
2024-07-24,137.0,272.0,166.0,5927,177.0,2024,7,3,30,24,2,0,5965.0,6308.0,6823.0,7439.0,6100.285714285715,6354.0,6837.766666666666,-0.006370494551550698,5954.0
2024-07-25,93.0,198.0,208.0,5954,194.0,2024,7,3,30,25,3,0,5927.0,6283.0,6790.0,7493.0,6053.285714285715,6294.285714285715,6786.466666666666,0.004555424329340196,5743.0
2024-07-28,152.0,290.0,199.0,5743,207.0,2024,7,3,30,28,6,1,5954.0,6239.0,6599.0,7548.0,5982.428571428572,6233.142857142857,6726.3,-0.0354383607658717,5819.0
2024-07-29,114.0,210.0,219.0,5819,163.0,2024,7,3,31,29,0,0,5743.0,6228.0,6617.0,7544.0,5924.0,6176.142857142857,6668.8,0.013233501654187796,5930.0
2024-07-30,125.0,203.0,208.0,5930,92.0,2024,7,3,31,30,1,0,5819.0,6058.0,6651.0,7307.0,5905.714285714285,6124.642857142857,6622.9,0.0190754425158961,5963.0
2024-07-31,140.0,261.0,163.0,5963,154.0,2024,7,3,31,31,2,0,5930.0,6002.0,6649.0,7318.0,5900.142857142857,6075.642857142857,6577.733333333334,0.005564924114671133,6016.0
2024-08-01,227.0,298.0,212.0,6016,169.0,2024,8,3,31,1,3,0,5963.0,5965.0,6640.0,7340.0,5907.428571428572,6031.071428571428,6533.6,0.008888143551903482,5943.0
2024-08-04,63.0,167.0,143.0,5943,170.0,2024,8,3,31,4,6,1,6016.0,5927.0,6308.0,7433.0,5909.714285714285,6005.0,6483.933333333333,-0.012134308510638347,5950.0
2024-08-05,172.0,259.0,138.0,5950,150.0,2024,8,3,32,5,0,0,5943.0,5954.0,6283.0,7431.0,5909.142857142857,5981.214285714285,6434.566666666667,0.0011778563015312216,5998.0
2024-08-06,163.0,283.0,200.0,5998,143.0,2024,8,3,32,6,1,0,5950.0,5743.0,6239.0,7247.0,5945.571428571428,5964.0,6392.933333333333,0.00806722689075623,6038.0
2024-08-07,135.0,273.0,207.0,6038,174.0,2024,8,3,32,7,2,0,5998.0,5819.0,6228.0,7239.0,5976.857142857143,5950.428571428572,6352.9,0.006668889629876551,6084.0
2024-08-08,119.0,230.0,213.0,6084,174.0,2024,8,3,32,8,3,0,6038.0,5930.0,6058.0,7239.0,5998.857142857143,5952.285714285715,6314.4,0.0076184166942696585,5894.0
2024-08-11,95.0,211.0,140.0,5894,249.0,2024,8,3,32,11,6,1,6084.0,5963.0,6002.0,7268.0,5989.0,5944.571428571428,6268.6,-0.031229454306377358,5903.0
2024-08-12,109.0,219.0,155.0,5903,148.0,2024,8,3,33,12,0,0,5894.0,6016.0,5965.0,7248.0,5972.857142857143,5940.142857142857,6223.766666666666,0.00152697658635903,5981.0
2024-08-13,162.0,239.0,189.0,5981,123.0,2024,8,3,33,13,1,0,5903.0,5943.0,5927.0,6874.0,5978.285714285715,5944.0,6194.0,0.013213620193122111,5987.0
2024-08-14,109.0,226.0,191.0,5987,178.0,2024,8,3,33,14,2,0,5981.0,5950.0,5954.0,6825.0,5983.571428571428,5946.357142857143,6166.066666666667,0.0010031767262999036,5895.0
2024-08-15,124.0,241.0,156.0,5895,220.0,2024,8,3,33,15,3,0,5987.0,5998.0,5743.0,6823.0,5968.857142857143,5957.214285714285,6135.133333333333,-0.015366627693335522,5821.0
2024-08-18,86.0,244.0,235.0,5821,178.0,2024,8,3,33,18,6,1,5895.0,6038.0,5819.0,6790.0,5937.857142857143,5957.357142857143,6102.833333333333,-0.01255301102629347,5865.0
2024-08-19,176.0,254.0,162.0,5865,158.0,2024,8,3,34,19,0,0,5821.0,6084.0,5930.0,6599.0,5906.571428571428,5952.714285714285,6078.366666666667,0.007558838687510727,5995.0
2024-08-20,136.0,274.0,245.0,5995,112.0,2024,8,3,34,20,1,0,5865.0,5894.0,5963.0,6617.0,5921.0,5955.0,6057.633333333333,0.022165387894288235,6028.0
2024-08-21,134.0,245.0,167.0,6028,156.0,2024,8,3,34,21,2,0,5995.0,5903.0,6016.0,6651.0,5938.857142857143,5955.857142857143,6036.866666666667,0.005504587155963359,6054.0
2024-08-22,182.0,307.0,205.0,6054,171.0,2024,8,3,34,22,3,0,6028.0,5981.0,5943.0,6649.0,5949.285714285715,5963.785714285715,6017.033333333334,0.00431320504313204,6152.0
2024-08-27,149.0,285.0,222.0,6152,97.0,2024,8,3,35,27,1,0,6054.0,5987.0,5950.0,6640.0,5972.857142857143,5978.214285714285,6000.766666666666,0.0161876445325404,6227.0
2024-08-28,170.0,285.0,178.0,6227,134.0,2024,8,3,35,28,2,0,6152.0,5895.0,5998.0,6308.0,6020.285714285715,5994.571428571428,5998.066666666667,0.012191157347204218,6250.0
2024-08-29,145.0,295.0,188.0,6250,169.0,2024,8,3,35,29,3,0,6227.0,5821.0,6038.0,6283.0,6081.571428571428,6009.714285714285,5996.966666666666,0.003693592420106029,6192.0
2024-09-02,133.0,270.0,198.0,6192,129.0,2024,9,3,36,2,0,0,6250.0,5865.0,6084.0,6239.0,6128.285714285715,6017.428571428572,5995.4,-0.009279999999999955,6272.0
2024-09-03,131.0,263.0,177.0,6272,112.0,2024,9,3,36,3,1,0,6192.0,5995.0,5894.0,6228.0,6167.857142857143,6044.428571428572,5996.866666666667,0.012919896640826822,6375.0
2024-09-04,121.0,231.0,219.0,6375,114.0,2024,9,3,36,4,2,0,6272.0,6028.0,5903.0,6058.0,6217.428571428572,6078.142857142857,6007.433333333333,0.01642219387755106,6448.0
2024-09-05,126.0,230.0,175.0,6448,121.0,2024,9,3,36,5,3,0,6375.0,6054.0,5981.0,6002.0,6273.714285714285,6111.5,6022.3,0.011450980392156973,6312.0
2024-09-08,123.0,255.0,164.0,6312,221.0,2024,9,3,36,8,6,1,6448.0,6152.0,5987.0,5965.0,6296.571428571428,6134.714285714285,6033.866666666667,-0.021091811414392092,6353.0
2024-09-09,144.0,275.0,190.0,6353,141.0,2024,9,3,37,9,0,0,6312.0,6227.0,5895.0,5927.0,6314.571428571428,6167.428571428572,6048.066666666667,0.006495564005069676,6396.0
2024-09-10,131.0,251.0,180.0,6396,148.0,2024,9,3,37,10,1,0,6353.0,6250.0,5821.0,5954.0,6335.428571428572,6208.5,6062.8,0.006768455847631083,6410.0
2024-09-11,93.0,248.0,175.0,6410,162.0,2024,9,3,37,11,2,0,6396.0,6192.0,5865.0,5743.0,6366.571428571428,6247.428571428572,6085.033333333334,0.002188868042526604,6360.0
2024-09-12,184.0,280.0,210.0,6360,220.0,2024,9,3,37,12,3,0,6410.0,6272.0,5995.0,5819.0,6379.142857142857,6273.5,6103.066666666667,-0.007800312012480548,6326.0
2024-09-13,81.0,200.0,212.0,6326,279.0,2024,9,3,37,13,4,0,6360.0,6375.0,6028.0,5930.0,6372.142857142857,6294.785714285715,6116.266666666666,-0.005345911949685589,6234.0
2024-09-15,98.0,220.0,167.0,6234,210.0,2024,9,3,37,15,6,1,6326.0,6448.0,6054.0,5963.0,6341.571428571428,6307.642857142857,6125.3,-0.014543155232374372,6229.0
2024-09-16,113.0,209.0,160.0,6229,164.0,2024,9,3,38,16,0,0,6234.0,6312.0,6152.0,6016.0,6329.714285714285,6313.142857142857,6132.4,-0.0008020532563361993,6227.0
2024-09-17,159.0,304.0,139.0,6227,160.0,2024,9,3,38,17,1,0,6229.0,6353.0,6227.0,5943.0,6311.714285714285,6313.142857142857,6141.866666666667,-0.0003210788248515506,6245.0
2024-09-18,116.0,213.0,217.0,6245,149.0,2024,9,3,38,18,2,0,6227.0,6396.0,6250.0,5950.0,6290.142857142857,6312.785714285715,6151.7,0.0028906375461699163,6270.0
2024-09-19,93.0,196.0,169.0,6270,188.0,2024,9,3,38,19,3,0,6245.0,6410.0,6192.0,5998.0,6270.142857142857,6318.357142857143,6160.766666666666,0.004003202562049557,5989.0
2024-09-22,124.0,234.0,161.0,5989,197.0,2024,9,3,38,22,6,1,6270.0,6360.0,6272.0,6038.0,6217.142857142857,6298.142857142857,6159.133333333333,-0.04481658692185009,6002.0
2024-09-23,92.0,203.0,173.0,6002,165.0,2024,9,3,39,23,0,0,5989.0,6326.0,6375.0,6084.0,6170.857142857143,6271.5,6156.4,0.002170646184671998,6023.0
2024-09-24,186.0,259.0,172.0,6023,143.0,2024,9,3,39,24,1,0,6002.0,6234.0,6448.0,5894.0,6140.714285714285,6241.142857142857,6160.7,0.003498833722092698,6050.0
2024-09-25,154.0,225.0,220.0,6050,169.0,2024,9,3,39,25,2,0,6023.0,6229.0,6312.0,5903.0,6115.142857142857,6222.428571428572,6165.6,0.004482815872488777,6090.0
2024-09-26,91.0,199.0,172.0,6090,185.0,2024,9,3,39,26,3,0,6050.0,6227.0,6353.0,5981.0,6095.571428571428,6203.642857142857,6169.233333333334,0.006611570247933907,5925.0
2024-09-29,81.0,213.0,153.0,5925,177.0,2024,9,3,39,29,6,1,6090.0,6245.0,6396.0,5987.0,6049.857142857143,6170.0,6167.166666666667,-0.027093596059113323,5967.0
2024-09-30,209.0,285.0,184.0,5967,138.0,2024,9,3,40,30,0,0,5925.0,6270.0,6410.0,5895.0,6006.571428571428,6138.357142857143,6169.566666666667,0.007088607594936791,6040.0
2024-10-01,184.0,314.0,217.0,6040,137.0,2024,10,4,40,1,1,0,5967.0,5989.0,6360.0,5821.0,6013.857142857143,6115.5,6176.866666666667,0.012233953410424103,6091.0
2024-10-02,107.0,215.0,230.0,6091,173.0,2024,10,4,40,2,2,0,6040.0,6002.0,6326.0,5865.0,6026.571428571428,6098.714285714285,6184.4,0.00844370860927146,6118.0
2024-10-03,101.0,162.0,178.0,6118,193.0,2024,10,4,40,3,3,0,6091.0,6023.0,6234.0,5995.0,6040.142857142857,6090.428571428572,6188.5,0.004432769660154268,5968.0
2024-10-07,99.0,190.0,176.0,5968,153.0,2024,10,4,41,7,0,0,6118.0,6050.0,6229.0,6028.0,6028.428571428572,6071.785714285715,6186.5,-0.024517816279829963,6013.0
2024-10-08,167.0,239.0,166.0,6013,123.0,2024,10,4,41,8,1,0,5968.0,6090.0,6227.0,6054.0,6017.428571428572,6056.5,6185.133333333333,0.007540214477211871,6047.0
2024-10-09,115.0,216.0,169.0,6047,137.0,2024,10,4,41,9,2,0,6013.0,5925.0,6245.0,6152.0,6034.857142857143,6042.357142857143,6181.633333333333,0.005654415433228088,6075.0
2024-10-10,84.0,158.0,193.0,6075,159.0,2024,10,4,41,10,3,0,6047.0,5967.0,6270.0,6227.0,6050.285714285715,6028.428571428572,6176.566666666667,0.004630395237307683,5889.0
2024-10-13,130.0,227.0,192.0,5889,210.0,2024,10,4,41,13,6,1,6075.0,6040.0,5989.0,6250.0,6028.714285714285,6021.285714285715,6164.533333333334,-0.030617283950617247,5935.0
2024-10-14,88.0,214.0,160.0,5935,106.0,2024,10,4,42,14,0,0,5889.0,6091.0,6002.0,6192.0,6006.428571428572,6016.5,6155.966666666666,0.007811173374087321,6013.0
2024-10-15,113.0,208.0,159.0,6013,107.0,2024,10,4,42,15,1,0,5935.0,6118.0,6023.0,6272.0,5991.428571428572,6015.785714285715,6147.333333333333,0.01314237573715249,6036.0
2024-10-16,174.0,285.0,150.0,6036,129.0,2024,10,4,42,16,2,0,6013.0,5968.0,6050.0,6375.0,6001.142857142857,6014.785714285715,6136.033333333334,0.0038250457342425825,6076.0
2024-10-17,104.0,230.0,206.0,6076,160.0,2024,10,4,42,17,3,0,6036.0,6013.0,6090.0,6448.0,6010.142857142857,6013.785714285715,6123.633333333333,0.0066269052352552205,5918.0
2024-10-20,147.0,276.0,214.0,5918,195.0,2024,10,4,42,20,6,1,6076.0,6047.0,5925.0,6312.0,5991.714285714285,6013.285714285715,6110.5,-0.02600394996708366,5966.0
2024-10-21,108.0,220.0,213.0,5966,154.0,2024,10,4,43,21,0,0,5918.0,6075.0,5967.0,6353.0,5976.142857142857,6013.214285714285,6097.6,0.00811084825954711,6043.0
2024-10-22,180.0,280.0,146.0,6043,109.0,2024,10,4,43,22,1,0,5966.0,5889.0,6040.0,6396.0,5998.142857142857,6013.428571428572,6085.833333333333,0.012906469996647685,6077.0
2024-10-23,134.0,294.0,186.0,6077,138.0,2024,10,4,43,23,2,0,6043.0,5935.0,6091.0,6410.0,6018.428571428572,6012.428571428572,6074.733333333334,0.005626344530862193,5974.0
2024-10-27,202.0,313.0,158.0,5974,192.0,2024,10,4,43,27,6,1,6077.0,6013.0,6118.0,6360.0,6012.857142857143,6002.142857142857,6061.866666666667,-0.016949152542372836,6008.0
2024-10-28,110.0,272.0,193.0,6008,156.0,2024,10,4,44,28,0,0,5974.0,6036.0,5968.0,6326.0,6008.857142857143,6005.0,6051.266666666666,0.005691329092735176,6106.0
2024-10-29,166.0,277.0,229.0,6106,126.0,2024,10,4,44,29,1,0,6008.0,6076.0,6013.0,6234.0,6013.142857142857,6011.642857142857,6047.0,0.016311584553928116,6149.0
2024-10-30,136.0,276.0,178.0,6149,160.0,2024,10,4,44,30,2,0,6106.0,5918.0,6047.0,6229.0,6046.142857142857,6018.928571428572,6044.333333333333,0.007042253521126751,6148.0
2024-10-31,87.0,246.0,173.0,6148,177.0,2024,10,4,44,31,3,0,6149.0,5966.0,6075.0,6227.0,6072.142857142857,6024.142857142857,6041.7,-0.0001626280696047644,5990.0
2024-11-03,84.0,171.0,157.0,5990,184.0,2024,11,4,44,3,6,1,6148.0,6043.0,5889.0,6245.0,6064.571428571428,6031.357142857143,6033.2,-0.02569941444372148,6007.0
2024-11-04,167.0,209.0,157.0,6007,132.0,2024,11,4,45,4,0,0,5990.0,6077.0,5935.0,6270.0,6054.571428571428,6036.5,6024.433333333333,0.0028380634390650084,6045.0
2024-11-05,109.0,245.0,159.0,6045,126.0,2024,11,4,45,5,1,0,6007.0,5974.0,6013.0,5989.0,6064.714285714285,6038.785714285715,6026.3,0.006325953054769462,6086.0
2024-11-06,156.0,256.0,176.0,6086,137.0,2024,11,4,45,6,2,0,6045.0,6008.0,6036.0,6002.0,6075.857142857143,6042.357142857143,6029.1,0.006782464846980973,6084.0
2024-11-07,125.0,232.0,192.0,6084,177.0,2024,11,4,45,7,3,0,6086.0,6106.0,6076.0,6023.0,6072.714285714285,6042.928571428572,6031.133333333333,-0.00032862306933945096,5963.0
2024-11-11,118.0,139.0,168.0,5963,145.0,2024,11,4,46,11,0,0,6084.0,6149.0,5918.0,6050.0,6046.142857142857,6046.142857142857,6028.233333333334,-0.019888231426692937,5975.0
2024-11-12,142.0,235.0,139.0,5975,138.0,2024,11,4,46,12,1,0,5963.0,6148.0,5966.0,6090.0,6021.428571428572,6046.785714285715,6024.4,0.0020124098608083063,5966.0
2024-11-13,148.0,245.0,175.0,5966,151.0,2024,11,4,46,13,2,0,5975.0,5990.0,6043.0,5925.0,6018.0,6041.285714285715,6025.766666666666,-0.0015062761506275946,6025.0
2024-11-14,119.0,219.0,210.0,6025,172.0,2024,11,4,46,14,3,0,5966.0,6007.0,6077.0,5967.0,6020.571428571428,6037.571428571428,6027.7,0.00988937311431437,5816.0
2024-11-17,105.0,210.0,149.0,5816,195.0,2024,11,4,46,17,6,1,6025.0,6045.0,5974.0,6040.0,5987.857142857143,6026.285714285715,6020.233333333334,-0.03468879668049796,5819.0
2024-11-18,143.0,203.0,163.0,5819,138.0,2024,11,4,47,18,0,0,5816.0,6086.0,6008.0,6091.0,5949.714285714285,6012.785714285715,6011.166666666667,0.0005158184319120629,5844.0
2024-11-19,119.0,209.0,152.0,5844,146.0,2024,11,4,47,19,1,0,5819.0,6084.0,6106.0,6118.0,5915.428571428572,5994.071428571428,6002.033333333334,0.00429627083691364,5879.0
2024-11-20,155.0,212.0,181.0,5879,148.0,2024,11,4,47,20,2,0,5844.0,5963.0,6149.0,5968.0,5903.428571428572,5974.785714285715,5999.066666666667,0.005989048596851454,5850.0
2024-11-21,109.0,214.0,173.0,5850,210.0,2024,11,4,47,21,3,0,5879.0,5975.0,6148.0,6013.0,5885.571428571428,5953.5,5993.633333333333,-0.00493281170267057,5664.0
2024-11-24,191.0,283.0,192.0,5664,207.0,2024,11,4,47,24,6,1,5850.0,5966.0,5990.0,6047.0,5842.428571428572,5930.214285714285,5980.866666666667,-0.03179487179487184,5715.0
2024-11-25,170.0,297.0,196.0,5715,129.0,2024,11,4,48,25,0,0,5664.0,6025.0,6007.0,6075.0,5798.142857142857,5909.357142857143,5968.866666666667,0.009004237288135597,5826.0
2024-11-26,152.0,272.0,214.0,5826,112.0,2024,11,4,48,26,1,0,5715.0,5816.0,6045.0,5889.0,5799.571428571428,5893.714285714285,5966.766666666666,0.01942257217847776,5862.0
2024-11-27,239.0,367.0,224.0,5862,211.0,2024,11,4,48,27,2,0,5826.0,5819.0,6086.0,5935.0,5805.714285714285,5877.714285714285,5964.333333333333,0.006179196704428458,5963.0
2024-11-28,113.0,280.0,237.0,5963,143.0,2024,11,4,48,28,3,0,5862.0,5844.0,6084.0,6013.0,5822.714285714285,5869.071428571428,5962.666666666667,0.017229614466052645,5986.0
2024-12-01,196.0,306.0,187.0,5986,149.0,2024,12,4,48,1,6,1,5963.0,5879.0,5963.0,6036.0,5838.0,5870.714285714285,5961.0,0.0038571188998826056,6061.0
2024-12-02,236.0,330.0,222.0,6061,115.0,2024,12,4,49,2,0,0,5986.0,5850.0,5975.0,6076.0,5868.142857142857,5876.857142857143,5960.5,0.012529234881389906,6192.0
2024-12-03,81.0,230.0,242.0,6192,107.0,2024,12,4,49,3,1,0,6061.0,5664.0,5966.0,5918.0,5943.571428571428,5893.0,5969.633333333333,0.02161359511631744,6269.0
2024-12-04,118.0,245.0,160.0,6269,115.0,2024,12,4,49,4,2,0,6192.0,5715.0,6025.0,5966.0,6022.714285714285,5910.428571428572,5979.733333333334,0.012435400516795925,6310.0
2024-12-05,218.0,283.0,208.0,6310,150.0,2024,12,4,49,5,3,0,6269.0,5826.0,5816.0,6043.0,6091.857142857143,5945.714285714285,5988.633333333333,0.006540118041154841,6286.0
2024-12-08,132.0,243.0,183.0,6286,172.0,2024,12,4,49,8,6,1,6310.0,5862.0,5819.0,6077.0,6152.428571428572,5979.071428571428,5995.6,-0.0038034865293185005,6268.0
2024-12-09,224.0,315.0,152.0,6268,174.0,2024,12,4,50,9,0,0,6286.0,5963.0,5844.0,5974.0,6196.0,6009.357142857143,6005.4,-0.002863506204263455,6310.0
2024-12-10,167.0,326.0,213.0,6310,149.0,2024,12,4,50,10,1,0,6268.0,5986.0,5879.0,6008.0,6242.285714285715,6040.142857142857,6015.466666666666,0.006700701978302526,6402.0
2024-12-11,209.0,353.0,232.0,6402,152.0,2024,12,4,50,11,2,0,6310.0,6061.0,5850.0,6106.0,6291.0,6079.571428571428,6025.333333333333,0.014580031695720974,6481.0
2024-12-12,153.0,253.0,286.0,6481,194.0,2024,12,4,50,12,3,0,6402.0,6192.0,5664.0,6149.0,6332.285714285715,6137.928571428572,6036.4,0.012339893783192668,6408.0
2024-12-15,180.0,337.0,219.0,6408,224.0,2024,12,4,50,15,6,1,6481.0,6269.0,5715.0,6148.0,6352.142857142857,6187.428571428572,6045.066666666667,-0.01126369387440207,6454.0
2024-12-16,133.0,287.0,189.0,6454,149.0,2024,12,4,51,16,0,0,6408.0,6310.0,5826.0,5990.0,6372.714285714285,6232.285714285715,6060.533333333334,0.007178526841448152,6506.0
2024-12-17,187.0,310.0,247.0,6506,151.0,2024,12,4,51,17,1,0,6454.0,6286.0,5862.0,6007.0,6404.142857142857,6278.285714285715,6077.166666666667,0.008057018903005808,6598.0
2024-12-18,168.0,285.0,210.0,6598,134.0,2024,12,4,51,18,2,0,6506.0,6268.0,5963.0,6045.0,6451.285714285715,6323.642857142857,6095.6,0.014140793114048478,6600.0
2024-12-19,269.0,412.0,204.0,6600,238.0,2024,12,4,51,19,3,0,6598.0,6310.0,5986.0,6086.0,6492.714285714285,6367.5,6112.733333333334,0.0003031221582296961,6595.0
2024-12-22,100.0,255.0,236.0,6595,268.0,2024,12,4,51,22,6,1,6600.0,6402.0,6061.0,6084.0,6520.285714285715,6405.642857142857,6129.766666666666,-0.0007575757575757347,6548.0
2024-12-23,205.0,294.0,177.0,6548,231.0,2024,12,4,52,23,0,0,6595.0,6481.0,6192.0,5963.0,6529.857142857143,6431.071428571428,6149.266666666666,-0.007126611068991706,6622.0
2024-12-24,161.0,304.0,211.0,6622,155.0,2024,12,4,52,24,1,0,6548.0,6408.0,6269.0,5975.0,6560.428571428572,6456.285714285715,6170.833333333333,0.011301160659743514,6689.0
2024-12-25,57.0,162.0,193.0,6689,107.0,2024,12,4,52,25,2,0,6622.0,6454.0,6310.0,5966.0,6594.0,6483.357142857143,6194.933333333333,0.01011778918755657,6707.0
2024-12-26,80.0,122.0,152.0,6707,135.0,2024,12,4,52,26,3,0,6689.0,6506.0,6286.0,6025.0,6622.714285714285,6513.428571428572,6217.666666666667,0.0026909851995813305,6465.0
2024-12-29,107.0,170.0,133.0,6465,216.0,2024,12,4,52,29,6,1,6707.0,6598.0,6268.0,5816.0,6603.714285714285,6527.5,6239.3,-0.03608170568063218,6454.0
2024-12-30,99.0,156.0,139.0,6454,177.0,2024,12,4,1,30,0,0,6465.0,6600.0,6310.0,5819.0,6582.857142857143,6537.785714285715,6260.466666666666,-0.001701469450889448,6405.0
2025-01-01,25.0,66.0,94.0,6405,144.0,2025,1,1,1,1,2,0,6454.0,6595.0,6402.0,5844.0,6555.714285714285,6538.0,6279.166666666667,-0.007592190889370909,6292.0
2025-01-02,35.0,70.0,53.0,6292,170.0,2025,1,1,1,2,3,0,6405.0,6548.0,6481.0,5879.0,6519.142857142857,6524.5,6292.933333333333,-0.01764246682279469,5882.0
2025-01-05,43.0,73.0,64.0,5882,185.0,2025,1,1,1,5,6,1,6292.0,6622.0,6408.0,5850.0,6413.428571428572,6486.928571428572,6294.0,-0.06516211061665611,5769.0
2025-01-06,41.0,60.0,71.0,5769,190.0,2025,1,1,2,6,0,0,5882.0,6689.0,6454.0,5664.0,6282.0,6438.0,6297.5,-0.01921115266916018,5703.0
2025-01-07,65.0,83.0,65.0,5703,133.0,2025,1,1,2,7,1,0,5769.0,6707.0,6506.0,5715.0,6138.571428571428,6380.642857142857,6297.1,-0.0114404576183047,5605.0
2025-01-08,38.0,80.0,82.0,5605,184.0,2025,1,1,2,8,2,0,5703.0,6465.0,6598.0,5826.0,6015.714285714285,6309.714285714285,6289.733333333334,-0.017183938278099276,5507.0
2025-01-09,56.0,82.0,68.0,5507,164.0,2025,1,1,2,9,3,0,5605.0,6454.0,6600.0,5862.0,5880.428571428572,6231.642857142857,6277.9,-0.017484388938447837,5092.0
2025-01-12,74.0,103.0,80.0,5092,235.0,2025,1,1,2,12,6,1,5507.0,6405.0,6595.0,5963.0,5692.857142857143,6124.285714285715,6248.866666666667,-0.07535863446522606,5019.0
2025-01-13,68.0,107.0,102.0,5019,181.0,2025,1,1,3,13,0,0,5092.0,6292.0,6548.0,5986.0,5511.0,6015.071428571428,6216.633333333333,-0.014336213668499576,4957.0
2025-01-14,92.0,124.0,93.0,4957,139.0,2025,1,1,3,14,1,0,5019.0,5882.0,6622.0,6061.0,5378.857142857143,5896.142857142857,6179.833333333333,-0.012353058378163029,4903.0
2025-01-15,113.0,162.0,107.0,4903,164.0,2025,1,1,3,15,2,0,4957.0,5769.0,6689.0,6192.0,5255.142857142857,5768.571428571428,6136.866666666667,-0.010893685696994115,4881.0
2025-01-16,106.0,196.0,131.0,4881,159.0,2025,1,1,3,16,3,0,4903.0,5703.0,6707.0,6269.0,5137.714285714285,5638.142857142857,6090.6,-0.004487048745665967,4628.0
2025-01-19,86.0,152.0,168.0,4628,176.0,2025,1,1,3,19,6,1,4881.0,5605.0,6465.0,6310.0,4998.142857142857,5506.928571428572,6034.533333333334,-0.05183364064740836,4638.0
2025-01-20,84.0,118.0,136.0,4638,127.0,2025,1,1,4,20,0,0,4628.0,5507.0,6454.0,6286.0,4874.0,5377.214285714285,5979.6,0.002160760587726962,4728.0
2025-01-21,59.0,64.0,117.0,4728,54.0,2025,1,1,4,21,1,0,4638.0,5092.0,6405.0,6268.0,4822.0,5257.428571428572,5928.266666666666,0.019404915912031084,4717.0
2025-01-22,62.0,97.0,52.0,4717,83.0,2025,1,1,4,22,2,0,4728.0,5019.0,6292.0,6310.0,4778.857142857143,5144.928571428572,5875.166666666667,-0.002326565143824011,4621.0
2025-01-23,91.0,75.0,97.0,4621,174.0,2025,1,1,4,23,3,0,4717.0,4957.0,5882.0,6402.0,4730.857142857143,5054.857142857143,5815.8,-0.020351918592325657,4241.0
2025-01-26,29.0,51.0,11.0,4241,182.0,2025,1,1,4,26,6,1,4621.0,4903.0,5769.0,6481.0,4636.285714285715,4945.714285714285,5741.133333333333,-0.08223328283921227,4161.0
2025-01-27,33.0,53.0,34.0,4161,127.0,2025,1,1,5,27,0,0,4241.0,4881.0,5703.0,6408.0,4533.428571428572,4835.571428571428,5666.233333333334,-0.018863475595378487,4096.0
2025-01-28,32.0,49.0,39.0,4096,101.0,2025,1,1,5,28,1,0,4161.0,4628.0,5605.0,6454.0,4457.428571428572,4727.785714285715,5587.633333333333,-0.015621244893054609,4036.0
2025-01-29,32.0,50.0,39.0,4036,99.0,2025,1,1,5,29,2,0,4096.0,4638.0,5507.0,6506.0,4371.428571428572,4622.714285714285,5505.3,-0.0146484375,3923.0
2025-01-30,47.0,42.0,47.0,3923,159.0,2025,1,1,5,30,3,0,4036.0,4728.0,5092.0,6598.0,4256.428571428572,4539.214285714285,5416.133333333333,-0.027998017839445,3483.0
2025-02-02,20.0,22.0,41.0,3483,168.0,2025,2,1,5,2,6,1,3923.0,4717.0,5019.0,6600.0,4080.1428571428573,4429.5,5312.233333333334,-0.112159061942391,3403.0
2025-02-03,23.0,45.0,11.0,3403,102.0,2025,2,1,6,3,0,0,3483.0,4621.0,4957.0,6595.0,3906.1428571428573,4318.5,5205.833333333333,-0.022968705139247758,3359.0
2025-02-04,34.0,54.0,29.0,3359,74.0,2025,2,1,6,4,1,0,3403.0,4241.0,4903.0,6548.0,3780.1428571428573,4208.214285714285,5099.533333333334,-0.012929767851895368,3290.0
2025-02-05,26.0,36.0,36.0,3290,104.0,2025,2,1,6,5,2,0,3359.0,4161.0,4881.0,6622.0,3655.714285714286,4094.5714285714284,4988.466666666666,-0.020541827924977718,3181.0
2025-02-06,25.0,32.0,27.0,3181,145.0,2025,2,1,6,6,3,0,3290.0,4096.0,4628.0,6689.0,3525.0,3991.214285714286,4871.533333333334,-0.03313069908814592,2878.0
2025-02-09,15.0,13.0,23.0,2878,99.0,2025,2,1,6,9,6,1,3181.0,4036.0,4638.0,6707.0,3359.5714285714284,3865.5,4743.9,-0.0952530650738761,2834.0
2025-02-10,16.0,18.0,15.0,2834,63.0,2025,2,1,7,10,0,0,2878.0,3923.0,4728.0,6465.0,3204.0,3730.214285714286,4622.866666666667,-0.015288394718554588,2799.0
2025-02-11,11.0,22.0,12.0,2799,50.0,2025,2,1,7,11,1,0,2834.0,3483.0,4717.0,6454.0,3106.285714285714,3593.214285714286,4501.033333333334,-0.01235003528581513,2752.0
2025-02-12,16.0,20.0,20.0,2752,66.0,2025,2,1,7,12,2,0,2799.0,3403.0,4621.0,6405.0,3013.285714285714,3459.714285714286,4379.266666666666,-0.016791711325473413,2703.0
2025-02-13,15.0,10.0,23.0,2703,72.0,2025,2,1,7,13,3,0,2752.0,3359.0,4241.0,6292.0,2919.5714285714284,3349.8571428571427,4259.633333333333,-0.017805232558139483,2532.0
2025-02-17,8.0,17.0,14.0,2532,15.0,2025,2,1,8,17,0,0,2703.0,3290.0,4161.0,5882.0,2811.285714285714,3233.5,4147.966666666666,-0.06326304106548275,2536.0
2025-02-18,18.0,19.0,11.0,2536,9.0,2025,2,1,8,18,1,0,2532.0,3181.0,4096.0,5769.0,2719.1428571428573,3122.0714285714284,4040.2,0.0015797788309637184,2528.0
2025-02-19,12.0,17.0,17.0,2528,19.0,2025,2,1,8,19,2,0,2536.0,2878.0,4036.0,5703.0,2669.1428571428573,3014.3571428571427,3934.366666666667,-0.003154574132492094,2520.0
2025-02-20,13.0,25.0,15.0,2520,32.0,2025,2,1,8,20,3,0,2528.0,2834.0,3923.0,5605.0,2624.285714285714,2914.1428571428573,3831.5333333333333,-0.0031645569620253333,2423.0
2025-02-23,7.0,16.0,8.0,2423,35.0,2025,2,1,8,23,6,1,2520.0,2799.0,3483.0,5507.0,2570.5714285714284,2838.4285714285716,3728.733333333333,-0.038492063492063466,2413.0
2025-02-24,20.0,22.0,14.0,2413,24.0,2025,2,1,9,24,0,0,2423.0,2752.0,3403.0,5092.0,2522.1428571428573,2767.714285714286,3639.4333333333334,-0.004127115146512539,2413.0
2025-02-25,11.0,7.0,7.0,2413,23.0,2025,2,1,9,25,1,0,2413.0,2703.0,3359.0,5019.0,2480.714285714286,2700.1428571428573,3552.5666666666666,0.0,2411.0
2025-02-26,12.0,21.0,1.0,2411,23.0,2025,2,1,9,26,2,0,2413.0,2532.0,3290.0,4957.0,2463.4285714285716,2637.3571428571427,3467.7,-0.0008288437629506706,2391.0
2025-02-27,10.0,15.0,17.0,2391,37.0,2025,2,1,9,27,3,0,2411.0,2536.0,3181.0,4903.0,2442.714285714286,2580.9285714285716,3383.9666666666667,-0.008295313148071304,2297.0
2025-03-02,12.0,24.0,4.0,2297,31.0,2025,3,1,9,2,6,1,2391.0,2528.0,2878.0,4881.0,2409.714285714286,2539.4285714285716,3297.8333333333335,-0.03931409452112089,2287.0
2025-03-03,8.0,29.0,18.0,2287,25.0,2025,3,1,10,3,0,0,2297.0,2520.0,2834.0,4628.0,2376.4285714285716,2500.3571428571427,3219.8,-0.004353504571179778,2272.0
2025-03-04,4.0,25.0,10.0,2272,30.0,2025,3,1,10,4,1,0,2287.0,2423.0,2799.0,4638.0,2354.8571428571427,2462.714285714286,3140.9333333333334,-0.00655881066899866,2238.0
2025-03-05,5.0,20.0,4.0,2238,40.0,2025,3,1,10,5,2,0,2272.0,2413.0,2752.0,4728.0,2329.8571428571427,2426.0,3057.9333333333334,-0.014964788732394374,2218.0
2025-03-06,7.0,27.0,6.0,2218,33.0,2025,3,1,10,6,3,0,2238.0,2413.0,2703.0,4717.0,2302.0,2391.3571428571427,2974.633333333333,-0.00893655049151032,2137.0
2025-03-09,12.0,25.0,15.0,2137,30.0,2025,3,1,10,9,6,1,2218.0,2411.0,2532.0,4621.0,2262.8571428571427,2363.1428571428573,2891.8333333333335,-0.036519386834986456,2125.0
2025-03-10,6.0,28.0,8.0,2125,23.0,2025,3,1,11,10,0,0,2137.0,2391.0,2536.0,4241.0,2224.8571428571427,2333.785714285714,2821.3,-0.005615348619560145,2116.0
2025-03-11,3.0,11.0,7.0,2116,20.0,2025,3,1,11,11,1,0,2125.0,2297.0,2528.0,4161.0,2199.0,2304.3571428571427,2753.133333333333,-0.004235294117647004,2113.0
2025-03-12,6.0,18.0,2.0,2113,8.0,2025,3,1,11,12,2,0,2116.0,2287.0,2520.0,4096.0,2174.1428571428573,2275.285714285714,2687.0333333333333,-0.0014177693761814325,2116.0
2025-03-13,4.0,20.0,9.0,2116,6.0,2025,3,1,11,13,3,0,2113.0,2272.0,2423.0,4036.0,2151.8571428571427,2253.3571428571427,2623.0333333333333,0.0014197823000472454,2117.0
2025-03-16,1.0,9.0,8.0,2117,5.0,2025,3,1,11,16,6,1,2116.0,2238.0,2413.0,3923.0,2134.5714285714284,2232.214285714286,2562.8333333333335,0.0004725897920605515,2111.0
2025-03-17,5.0,14.0,0.0,2111,8.0,2025,3,1,12,17,0,0,2117.0,2218.0,2413.0,3483.0,2119.285714285714,2210.6428571428573,2517.1,-0.0028341993386867825,2109.0
2025-03-18,19.0,34.0,6.0,2109,8.0,2025,3,1,12,18,1,0,2111.0,2137.0,2411.0,3403.0,2115.285714285714,2189.0714285714284,2473.9666666666667,-0.000947418285172863,2119.0
2025-03-19,6.0,22.0,14.0,2119,9.0,2025,3,1,12,19,2,0,2109.0,2125.0,2391.0,3359.0,2114.4285714285716,2169.6428571428573,2432.633333333333,0.004741583688952167,2124.0
2025-03-20,9.0,20.0,11.0,2124,7.0,2025,3,1,12,20,3,0,2119.0,2116.0,2297.0,3290.0,2115.5714285714284,2157.285714285714,2393.766666666667,0.0023596035865973697,2136.0
2025-03-23,15.0,29.0,9.0,2136,2.0,2025,3,1,12,23,6,1,2124.0,2113.0,2287.0,3181.0,2118.8571428571427,2146.5,2358.9333333333334,0.005649717514124353,2139.0
2025-03-24,7.0,13.0,11.0,2139,7.0,2025,3,1,13,24,0,0,2136.0,2116.0,2272.0,2878.0,2122.1428571428573,2137.0,2334.3,0.001404494382022392,2145.0
2025-03-25,12.0,19.0,7.0,2145,6.0,2025,3,1,13,25,1,0,2139.0,2117.0,2238.0,2834.0,2126.1428571428573,2130.3571428571427,2311.3333333333335,0.0028050490883591017,2159.0
2025-03-26,9.0,21.0,15.0,2159,2.0,2025,3,1,13,26,2,0,2145.0,2111.0,2218.0,2799.0,2133.0,2126.1428571428573,2290.0,0.006526806526806483,2159.0
2025-03-27,1.0,19.0,13.0,2159,2.0,2025,3,1,13,27,3,0,2159.0,2109.0,2137.0,2752.0,2140.1428571428573,2127.714285714286,2270.233333333333,0.0,2188.0
2025-03-30,9.0,20.0,5.0,2188,2.0,2025,3,1,13,30,6,1,2159.0,2119.0,2125.0,2703.0,2150.0,2132.214285714286,2253.0666666666666,0.013432144511347888,2193.0
2025-03-31,9.0,25.0,8.0,2193,5.0,2025,3,1,14,31,0,0,2188.0,2124.0,2116.0,2532.0,2159.8571428571427,2137.714285714286,2241.766666666667,0.0022851919561244216,2191.0
2025-04-01,17.0,36.0,7.0,2191,12.0,2025,4,2,14,1,1,0,2193.0,2136.0,2113.0,2536.0,2167.714285714286,2143.285714285714,2230.266666666667,-0.0009119927040583953,2208.0
2025-04-02,5.0,31.0,16.0,2208,3.0,2025,4,2,14,2,2,0,2191.0,2139.0,2116.0,2528.0,2177.5714285714284,2149.8571428571427,2219.6,0.007759014148790433,2223.0
2025-04-03,12.0,26.0,18.0,2223,8.0,2025,4,2,14,3,3,0,2208.0,2145.0,2117.0,2520.0,2188.714285714286,2157.4285714285716,2209.7,0.006793478260869623,2234.0
2025-04-06,7.0,14.0,7.0,2234,11.0,2025,4,2,14,6,6,1,2223.0,2159.0,2111.0,2423.0,2199.4285714285716,2166.214285714286,2203.4,0.004948268106162779,2237.0
2025-04-07,12.0,22.0,9.0,2237,5.0,2025,4,2,15,7,0,0,2234.0,2159.0,2109.0,2413.0,2210.5714285714284,2175.3571428571427,2197.5333333333333,0.0013428827215755668,2243.0
2025-04-08,12.0,34.0,12.0,2243,9.0,2025,4,2,15,8,1,0,2237.0,2188.0,2119.0,2413.0,2218.4285714285716,2184.214285714286,2191.866666666667,0.0026821636119802594,2251.0
2025-04-09,6.0,19.0,10.0,2251,5.0,2025,4,2,15,9,2,0,2243.0,2193.0,2124.0,2411.0,2226.714285714286,2193.285714285714,2186.5333333333333,0.003566651805617438,2265.0
2025-04-10,18.0,25.0,17.0,2265,6.0,2025,4,2,15,10,3,0,2251.0,2191.0,2136.0,2391.0,2237.285714285714,2202.5,2182.3333333333335,0.006219458018658308,2267.0
2025-04-11,8.0,22.0,8.0,2267,9.0,2025,4,2,15,11,4,0,2265.0,2208.0,2139.0,2297.0,2245.714285714286,2211.6428571428573,2181.3333333333335,0.0008830022075054789,2283.0
2025-04-13,5.0,26.0,10.0,2283,3.0,2025,4,2,15,13,6,1,2267.0,2223.0,2145.0,2287.0,2254.285714285714,2221.5,2181.2,0.0070577856197617805,2282.0
2025-04-14,5.0,26.0,9.0,2282,13.0,2025,4,2,16,14,0,0,2283.0,2234.0,2159.0,2272.0,2261.1428571428573,2230.285714285714,2181.5333333333333,-0.00043802014892679875,2286.0
2025-04-15,4.0,19.0,12.0,2286,7.0,2025,4,2,16,15,1,0,2282.0,2237.0,2159.0,2238.0,2268.1428571428573,2239.3571428571427,2183.133333333333,0.0017528483786153348,2291.0
2025-04-16,11.0,30.0,5.0,2291,8.0,2025,4,2,16,16,2,0,2286.0,2243.0,2188.0,2218.0,2275.0,2246.714285714286,2185.5666666666666,0.0021872265966753623,2288.0
2025-04-17,7.0,26.0,10.0,2288,14.0,2025,4,2,16,17,3,0,2291.0,2251.0,2193.0,2137.0,2280.285714285714,2253.5,2190.6,-0.0013094718463553257,2305.0
2025-04-20,4.0,15.0,6.0,2305,4.0,2025,4,2,16,20,6,1,2288.0,2265.0,2191.0,2125.0,2286.0,2261.6428571428573,2196.6,0.007430069930070005,2308.0
2025-04-21,10.0,25.0,5.0,2308,6.0,2025,4,2,17,21,0,0,2305.0,2267.0,2208.0,2116.0,2291.8571428571427,2268.785714285714,2203.0,0.0013015184381779399,2305.0
2025-04-22,7.0,19.0,14.0,2305,17.0,2025,4,2,17,22,1,0,2308.0,2283.0,2223.0,2113.0,2295.0,2274.6428571428573,2209.4,-0.0012998266897746857,2300.0
2025-04-23,3.0,23.0,4.0,2300,11.0,2025,4,2,17,23,2,0,2305.0,2282.0,2234.0,2116.0,2297.5714285714284,2279.3571428571427,2215.5333333333333,-0.002169197396963085,2294.0
2025-04-24,3.0,9.0,7.0,2294,13.0,2025,4,2,17,24,3,0,2300.0,2286.0,2237.0,2117.0,2298.714285714286,2283.4285714285716,2221.4333333333334,-0.00260869565217392,2301.0
2025-04-27,9.0,40.0,12.0,2301,4.0,2025,4,2,17,27,6,1,2294.0,2291.0,2243.0,2111.0,2300.1428571428573,2287.5714285714284,2227.766666666667,0.0030514385353095363,2307.0
2025-04-28,6.0,26.0,12.0,2307,8.0,2025,4,2,18,28,0,0,2301.0,2288.0,2251.0,2109.0,2302.8571428571427,2291.5714285714284,2234.366666666667,0.0026075619295957697,2304.0
2025-04-29,11.0,25.0,11.0,2304,15.0,2025,4,2,18,29,1,0,2307.0,2305.0,2265.0,2119.0,2302.714285714286,2294.3571428571427,2240.5333333333333,-0.0013003901170350884,2309.0
2025-04-30,7.0,34.0,9.0,2309,12.0,2025,4,2,18,30,2,0,2304.0,2308.0,2267.0,2124.0,2302.8571428571427,2297.3571428571427,2246.7,0.0021701388888888395,2306.0
2025-05-01,13.0,32.0,14.0,2306,16.0,2025,5,2,18,1,3,0,2309.0,2305.0,2283.0,2136.0,2303.0,2299.0,2252.366666666667,-0.0012992637505413462,2335.0
2025-05-04,9.0,31.0,10.0,2335,5.0,2025,5,2,18,4,6,1,2306.0,2300.0,2282.0,2139.0,2308.0,2302.785714285714,2258.9,0.012575888985255856,2331.0
2025-05-05,15.0,44.0,20.0,2331,17.0,2025,5,2,19,5,0,0,2335.0,2294.0,2286.0,2145.0,2313.285714285714,2306.0,2265.1,-0.0017130620985010836,2339.0
2025-05-06,10.0,33.0,16.0,2339,16.0,2025,5,2,19,6,1,0,2331.0,2301.0,2291.0,2159.0,2318.714285714286,2309.4285714285716,2271.1,0.00343200343200345,2335.0
2025-05-07,10.0,30.0,15.0,2335,10.0,2025,5,2,19,7,2,0,2339.0,2307.0,2288.0,2159.0,2322.714285714286,2312.785714285714,2276.9666666666667,-0.0017101325352715246,2361.0
2025-05-08,15.0,24.0,16.0,2361,11.0,2025,5,2,19,8,3,0,2335.0,2304.0,2305.0,2188.0,2330.8571428571427,2316.785714285714,2282.733333333333,0.011134903640257043,2385.0
2025-05-11,15.0,20.0,12.0,2385,3.0,2025,5,2,19,11,6,1,2361.0,2309.0,2308.0,2193.0,2341.714285714286,2322.285714285714,2289.133333333333,0.010165184243964509,2392.0
2025-05-12,7.0,33.0,14.0,2392,7.0,2025,5,2,20,12,0,0,2385.0,2306.0,2305.0,2191.0,2354.0,2328.5,2295.8333333333335,0.002935010482180367,2394.0
2025-05-13,18.0,29.0,12.0,2394,11.0,2025,5,2,20,13,1,0,2392.0,2335.0,2300.0,2208.0,2362.4285714285716,2335.214285714286,2302.0333333333333,0.0008361204013378476,2394.0
2025-05-14,7.0,30.0,14.0,2394,11.0,2025,5,2,20,14,2,0,2394.0,2331.0,2294.0,2223.0,2371.4285714285716,2342.3571428571427,2307.733333333333,0.0,2410.0
2025-05-15,15.0,31.0,14.0,2410,14.0,2025,5,2,20,15,3,0,2394.0,2339.0,2301.0,2234.0,2381.5714285714284,2350.1428571428573,2313.6,0.006683375104427736,2437.0
2025-05-18,13.0,28.0,14.0,2437,9.0,2025,5,2,20,18,6,1,2410.0,2335.0,2307.0,2237.0,2396.1428571428573,2359.4285714285716,2320.266666666667,0.011203319502074649,2457.0
2025-05-19,7.0,27.0,17.0,2457,6.0,2025,5,2,21,19,0,0,2437.0,2361.0,2304.0,2243.0,2409.8571428571427,2370.3571428571427,2327.4,0.008206811653672652,2467.0
2025-05-21,14.0,62.0,13.0,2467,18.0,2025,5,2,21,21,2,0,2457.0,2385.0,2309.0,2251.0,2421.5714285714284,2381.6428571428573,2334.6,0.0040700040700041296,2473.0
2025-05-22,18.0,36.0,17.0,2473,15.0,2025,5,2,21,22,3,0,2467.0,2392.0,2306.0,2265.0,2433.1428571428573,2393.5714285714284,2341.5333333333333,0.002432103769760774,2504.0
2025-05-27,6.0,24.0,7.0,2504,11.0,2025,5,2,22,27,1,0,2473.0,2394.0,2335.0,2267.0,2448.8571428571427,2405.6428571428573,2349.4333333333334,0.012535382126971362,2499.0
2025-05-28,12.0,39.0,12.0,2499,14.0,2025,5,2,22,28,2,0,2504.0,2394.0,2331.0,2283.0,2463.8571428571427,2417.6428571428573,2356.633333333333,-0.0019968051118210983,2506.0
2025-05-29,13.0,38.0,15.0,2506,11.0,2025,5,2,22,29,3,0,2499.0,2410.0,2339.0,2282.0,2477.5714285714284,2429.5714285714284,2364.1,0.0028011204481792618,2528.0
2025-06-01,8.0,24.0,16.0,2528,12.0,2025,6,2,22,1,6,1,2506.0,2437.0,2335.0,2286.0,2490.5714285714284,2443.3571428571427,2372.1666666666665,0.008778930566640142,2518.0
2025-06-02,10.0,19.0,5.0,2518,16.0,2025,6,2,23,2,0,0,2528.0,2457.0,2361.0,2291.0,2499.285714285714,2454.5714285714284,2379.733333333333,-0.003955696202531667,2519.0
2025-06-03,5.0,23.0,11.0,2519,15.0,2025,6,2,23,3,1,0,2518.0,2467.0,2385.0,2288.0,2506.714285714286,2464.1428571428573,2387.4333333333334,0.0003971405877680745,2516.0
2025-06-04,4.0,16.0,9.0,2516,16.0,2025,6,2,23,4,2,0,2519.0,2473.0,2392.0,2305.0,2512.8571428571427,2473.0,2394.4666666666667,-0.0011909487892021176,2503.0
2025-06-05,8.0,26.0,5.0,2503,21.0,2025,6,2,23,5,3,0,2516.0,2504.0,2394.0,2308.0,2512.714285714286,2480.785714285714,2400.9666666666667,-0.0051669316375199115,2507.0
2025-06-08,10.0,16.0,15.0,2507,13.0,2025,6,2,23,8,6,1,2503.0,2499.0,2394.0,2305.0,2513.8571428571427,2488.8571428571427,2407.7,0.0015980823012384793,2516.0
2025-06-09,8.0,21.0,14.0,2516,9.0,2025,6,2,24,9,0,0,2507.0,2506.0,2410.0,2300.0,2515.285714285714,2496.4285714285716,2414.9,0.0035899481451935333,2511.0
2025-06-10,17.0,28.0,7.0,2511,12.0,2025,6,2,24,10,1,0,2516.0,2528.0,2437.0,2294.0,2512.8571428571427,2501.714285714286,2422.133333333333,-0.001987281399046137,2523.0
2025-06-17,7.0,24.0,10.0,2523,14.0,2025,6,2,25,17,1,0,2511.0,2518.0,2457.0,2301.0,2513.5714285714284,2506.4285714285716,2429.5333333333333,0.004778972520907976,2501.0
2025-06-19,8.0,19.0,7.0,2501,18.0,2025,6,2,25,19,3,0,2523.0,2519.0,2467.0,2307.0,2511.0,2508.8571428571427,2436.0,-0.008719778042013515,2508.0
2025-06-22,7.0,13.0,5.0,2508,7.0,2025,6,2,25,22,6,1,2501.0,2516.0,2473.0,2304.0,2509.8571428571427,2511.3571428571427,2442.8,0.0027988804478209506,2495.0
2025-06-23,3.0,15.0,5.0,2495,17.0,2025,6,2,26,23,0,0,2508.0,2503.0,2504.0,2309.0,2508.714285714286,2510.714285714286,2449.0,-0.0051834130781499566,2489.0
2025-06-24,5.0,20.0,5.0,2489,16.0,2025,6,2,26,24,1,0,2495.0,2507.0,2499.0,2306.0,2506.1428571428573,2510.0,2455.1,-0.0024048096192385016,2470.0
2025-06-25,6.0,12.0,2.0,2470,24.0,2025,6,2,26,25,2,0,2489.0,2516.0,2506.0,2335.0,2499.5714285714284,2507.4285714285716,2459.6,-0.007633587786259555,2447.0
2025-06-26,3.0,9.0,7.0,2447,35.0,2025,6,2,26,26,3,0,2470.0,2511.0,2528.0,2331.0,2490.4285714285716,2501.6428571428573,2463.4666666666667,-0.009311740890688314,2413.0
2025-06-29,5.0,17.0,7.0,2413,20.0,2025,6,2,26,29,6,1,2447.0,2523.0,2518.0,2339.0,2474.714285714286,2494.1428571428573,2465.9333333333334,-0.01389456477319162,2407.0
2025-06-30,9.0,22.0,8.0,2407,16.0,2025,6,2,27,30,0,0,2413.0,2501.0,2519.0,2335.0,2461.285714285714,2486.1428571428573,2468.3333333333335,-0.002486531288852012,2391.0
2025-07-01,7.0,14.0,6.0,2391,22.0,2025,7,3,27,1,1,0,2407.0,2508.0,2516.0,2361.0,2444.5714285714284,2477.214285714286,2469.3333333333335,-0.006647278770253395,2373.0
2025-07-02,8.0,20.0,9.0,2373,38.0,2025,7,3,27,2,2,0,2391.0,2495.0,2503.0,2385.0,2427.1428571428573,2467.9285714285716,2468.9333333333334,-0.007528230865746499,2332.0
2025-07-06,4.0,17.0,2.0,2332,8.0,2025,7,3,27,6,6,1,2373.0,2489.0,2507.0,2392.0,2404.714285714286,2455.4285714285716,2466.9333333333334,-0.017277707543194243,2317.0
2025-07-07,3.0,18.0,8.0,2317,20.0,2025,7,3,28,7,0,0,2332.0,2470.0,2516.0,2394.0,2382.8571428571427,2441.214285714286,2464.366666666667,-0.0064322469982847075,2306.0
2025-07-08,5.0,16.0,8.0,2306,20.0,2025,7,3,28,8,1,0,2317.0,2447.0,2511.0,2394.0,2362.714285714286,2426.5714285714284,2461.4333333333334,-0.004747518342684498,2281.0
2025-07-09,2.0,18.0,0.0,2281,32.0,2025,7,3,28,9,2,0,2306.0,2413.0,2523.0,2410.0,2343.8571428571427,2409.285714285714,2457.133333333333,-0.010841283607979202,2252.0
2025-07-10,2.0,12.0,3.0,2252,39.0,2025,7,3,28,10,3,0,2281.0,2407.0,2501.0,2437.0,2321.714285714286,2391.5,2450.9666666666667,-0.012713722051731713,2204.0
2025-07-13,1.0,13.0,4.0,2204,10.0,2025,7,3,28,13,6,1,2252.0,2391.0,2508.0,2457.0,2295.0,2369.785714285714,2442.5333333333333,-0.02131438721136769,2181.0
2025-07-14,2.0,9.0,1.0,2181,26.0,2025,7,3,29,14,0,0,2204.0,2373.0,2495.0,2467.0,2267.5714285714284,2347.3571428571427,2433.0,-0.010435571687840262,2171.0
2025-07-15,0.0,8.0,5.0,2171,17.0,2025,7,3,29,15,1,0,2181.0,2332.0,2489.0,2473.0,2244.5714285714284,2324.6428571428573,2422.9333333333334,-0.004585052728106387,2164.0
2025-07-16,1.0,9.0,0.0,2164,11.0,2025,7,3,29,16,2,0,2171.0,2317.0,2470.0,2504.0,2222.714285714286,2302.785714285714,2411.6,-0.0032243205895901017,2153.0
2025-07-17,3.0,16.0,2.0,2153,17.0,2025,7,3,29,17,3,0,2164.0,2306.0,2447.0,2499.0,2200.8571428571427,2281.785714285714,2400.0666666666666,-0.005083179297597051,2121.0
2025-07-21,4.0,18.0,7.0,2121,16.0,2025,7,3,30,21,0,0,2153.0,2281.0,2413.0,2506.0,2178.0,2260.9285714285716,2387.233333333333,-0.014862981885740867,2117.0
2025-07-22,5.0,13.0,3.0,2117,16.0,2025,7,3,30,22,1,0,2121.0,2252.0,2407.0,2528.0,2158.714285714286,2240.214285714286,2373.5333333333333,-0.001885902876001877,2111.0
2025-07-23,6.0,21.0,5.0,2111,14.0,2025,7,3,30,23,2,0,2117.0,2204.0,2391.0,2518.0,2145.4285714285716,2220.214285714286,2359.9666666666667,-0.0028341993386867825,2096.0
2025-07-24,6.0,18.0,7.0,2096,29.0,2025,7,3,30,24,3,0,2111.0,2181.0,2373.0,2519.0,2133.285714285714,2200.4285714285716,2345.866666666667,-0.00710563713879675,2088.0
2025-07-27,1.0,12.0,2.0,2088,4.0,2025,7,3,30,27,6,1,2096.0,2171.0,2332.0,2516.0,2121.4285714285716,2183.0,2331.6,-0.003816793893129722,2080.0
2025-07-28,2.0,9.0,3.0,2080,14.0,2025,7,3,31,28,0,0,2088.0,2164.0,2317.0,2503.0,2109.4285714285716,2166.0714285714284,2317.5,-0.003831417624521105,2072.0
2025-07-29,2.0,8.0,3.0,2072,12.0,2025,7,3,31,29,1,0,2080.0,2153.0,2306.0,2507.0,2097.8571428571427,2149.3571428571427,2303.0,-0.0038461538461538325,2063.0
2025-07-30,4.0,15.0,4.0,2063,16.0,2025,7,3,31,30,2,0,2072.0,2121.0,2281.0,2516.0,2089.5714285714284,2133.785714285714,2287.9,-0.004343629343629307,2058.0
2025-07-31,2.0,9.0,6.0,2058,15.0,2025,7,3,31,31,3,0,2063.0,2117.0,2252.0,2511.0,2081.1428571428573,2119.9285714285716,2272.8,-0.002423654871546277,2049.0
2025-08-03,5.0,26.0,3.0,2049,5.0,2025,8,3,31,3,6,1,2058.0,2111.0,2204.0,2523.0,2072.285714285714,2108.8571428571427,2257.0,-0.004373177842565634,2040.0
2025-08-04,5.0,22.0,11.0,2040,14.0,2025,8,3,32,4,0,0,2049.0,2096.0,2181.0,2501.0,2064.285714285714,2098.785714285714,2241.633333333333,-0.004392386530014614,2042.0
2025-08-05,2.0,21.0,10.0,2042,14.0,2025,8,3,32,5,1,0,2040.0,2088.0,2171.0,2508.0,2057.714285714286,2089.5714285714284,2226.1,0.0009803921568627416,2036.0
2025-08-06,4.0,17.0,3.0,2036,13.0,2025,8,3,32,6,2,0,2042.0,2080.0,2164.0,2495.0,2051.4285714285716,2080.4285714285716,2210.8,-0.002938295788442735,2031.0
2025-08-07,4.0,18.0,6.0,2031,17.0,2025,8,3,32,7,3,0,2036.0,2072.0,2153.0,2489.0,2045.5714285714287,2071.714285714286,2195.5333333333333,-0.0024557956777996326,2006.0
2025-08-10,0.0,18.0,8.0,2006,12.0,2025,8,3,32,10,6,1,2031.0,2063.0,2121.0,2470.0,2037.4285714285713,2063.5,2180.0666666666666,-0.01230920728705076,1999.0
2025-08-11,6.0,23.0,4.0,1999,16.0,2025,8,3,33,11,0,0,2006.0,2058.0,2117.0,2447.0,2029.0,2055.0714285714284,2165.133333333333,-0.0034895314057826754,1999.0
2025-08-12,8.0,38.0,9.0,1999,9.0,2025,8,3,33,12,1,0,1999.0,2049.0,2111.0,2413.0,2021.857142857143,2047.0714285714287,2151.3333333333335,0.0,1997.0
2025-08-13,6.0,22.0,12.0,1997,17.0,2025,8,3,33,13,2,0,1999.0,2040.0,2096.0,2407.0,2015.7142857142858,2040.0,2137.6666666666665,-0.0010005002501251026,1994.0
2025-08-14,3.0,27.0,4.0,1994,11.0,2025,8,3,33,14,3,0,1997.0,2042.0,2088.0,2391.0,2008.857142857143,2033.2857142857142,2124.4333333333334,-0.001502253380070151,1991.0
2025-08-17,4.0,14.0,2.0,1991,3.0,2025,8,3,33,17,6,1,1994.0,2036.0,2080.0,2373.0,2002.4285714285713,2026.9285714285713,2111.7,-0.0015045135406218657,1985.0
2025-08-18,4.0,20.0,6.0,1985,14.0,2025,8,3,34,18,0,0,1991.0,2031.0,2072.0,2332.0,1995.857142857143,2020.7142857142858,2100.133333333333,-0.0030135610246107003,1980.0
2025-08-19,5.0,35.0,3.0,1980,11.0,2025,8,3,34,19,1,0,1985.0,2006.0,2063.0,2317.0,1992.142857142857,2014.7857142857142,2088.9,-0.0025188916876573986,1983.0
2025-08-20,10.0,38.0,10.0,1983,10.0,2025,8,3,34,20,2,0,1980.0,1999.0,2058.0,2306.0,1989.857142857143,2009.4285714285713,2078.133333333333,0.0015151515151514694,1972.0
2025-08-21,6.0,49.0,8.0,1972,21.0,2025,8,3,34,21,3,0,1983.0,1999.0,2049.0,2281.0,1986.0,2003.9285714285713,2067.8333333333335,-0.005547150781644028,1981.0
2025-08-24,4.0,21.0,5.0,1981,5.0,2025,8,3,34,24,6,1,1972.0,1997.0,2040.0,2252.0,1983.7142857142858,1999.7142857142858,2058.8,0.004563894523326617,1980.0
2025-08-25,8.0,30.0,8.0,1980,11.0,2025,8,3,35,25,0,0,1981.0,1994.0,2042.0,2204.0,1981.7142857142858,1995.2857142857142,2051.3333333333335,-0.0005047955577991425,1989.0
2025-08-26,10.0,21.0,20.0,1989,15.0,2025,8,3,35,26,1,0,1980.0,1991.0,2036.0,2181.0,1981.4285714285713,1991.9285714285713,2044.9333333333334,0.00454545454545463,1988.0
2025-08-27,5.0,19.0,9.0,1988,19.0,2025,8,3,35,27,2,0,1989.0,1985.0,2031.0,2171.0,1981.857142857143,1988.857142857143,2038.8333333333333,-0.0005027652086475598,1984.0
2025-08-28,8.0,33.0,6.0,1984,17.0,2025,8,3,35,28,3,0,1988.0,1980.0,2006.0,2164.0,1982.4285714285713,1987.2857142857142,2032.8333333333333,-0.002012072434607659,2010.0
2025-09-01,10.0,29.0,17.0,2010,5.0,2025,9,3,36,1,0,0,1984.0,1983.0,1999.0,2153.0,1986.2857142857142,1988.0714285714287,2028.0666666666666,0.013104838709677491,2020.0
2025-09-02,6.0,35.0,9.0,2020,9.0,2025,9,3,36,2,1,0,2010.0,1972.0,1999.0,2121.0,1993.142857142857,1989.5714285714287,2024.7,0.004975124378109541,2019.0
2025-09-03,4.0,29.0,11.0,2019,10.0,2025,9,3,36,3,2,0,2020.0,1981.0,1997.0,2117.0,1998.5714285714287,1991.142857142857,2021.4333333333334,-0.0004950495049504955,2015.0
2025-09-04,11.0,40.0,2.0,2015,14.0,2025,9,3,36,4,3,0,2019.0,1980.0,1994.0,2111.0,2003.5714285714287,1992.642857142857,2018.2333333333333,-0.001981178801386818,2026.0
2025-09-07,4.0,19.0,9.0,2026,7.0,2025,9,3,36,7,6,1,2015.0,1989.0,1991.0,2096.0,2008.857142857143,1995.142857142857,2015.9,0.0054590570719603715,2025.0
2025-09-08,7.0,25.0,5.0,2025,6.0,2025,9,3,37,8,0,0,2026.0,1988.0,1985.0,2088.0,2014.142857142857,1998.0,2013.8,-0.000493583415597243,2023.0
2025-09-09,18.0,42.0,11.0,2023,14.0,2025,9,3,37,9,1,0,2025.0,1984.0,1980.0,2080.0,2019.7142857142858,2001.0714285714287,2011.9,-0.0009876543209876854,2025.0
2025-09-10,10.0,47.0,14.0,2025,18.0,2025,9,3,37,10,2,0,2023.0,2010.0,1983.0,2072.0,2021.857142857143,2004.0714285714287,2010.3333333333333,0.000988630746416197,2047.0
2025-09-11,12.0,38.0,29.0,2047,6.0,2025,9,3,37,11,3,0,2025.0,2020.0,1972.0,2063.0,2025.7142857142858,2009.4285714285713,2009.8,0.010864197530864095,2083.0
2025-09-14,7.0,39.0,13.0,2083,5.0,2025,9,3,37,14,6,1,2047.0,2019.0,1981.0,2058.0,2034.857142857143,2016.7142857142858,2010.6333333333334,0.017586712261846715,2086.0
2025-09-15,9.0,47.0,10.0,2086,10.0,2025,9,3,38,15,0,0,2083.0,2015.0,1980.0,2049.0,2045.0,2024.2857142857142,2011.8666666666666,0.001440230436869916,2095.0
2025-09-16,7.0,28.0,17.0,2095,12.0,2025,9,3,38,16,1,0,2086.0,2026.0,1989.0,2040.0,2054.8571428571427,2031.857142857143,2013.7,0.00431447746883995,2096.0
2025-09-17,7.0,38.0,5.0,2096,13.0,2025,9,3,38,17,2,0,2095.0,2025.0,1988.0,2042.0,2065.0,2039.5714285714287,2015.5,0.0004773269689737347,2096.0
2025-09-18,20.0,52.0,11.0,2096,14.0,2025,9,3,38,18,3,0,2096.0,2023.0,1984.0,2036.0,2075.4285714285716,2047.5714285714287,2017.5,0.0,2134.0
2025-09-21,8.0,35.0,13.0,2134,5.0,2025,9,3,38,21,6,1,2096.0,2025.0,2010.0,2031.0,2091.0,2056.4285714285716,2020.9333333333334,0.018129770992366456,2141.0
2025-09-22,17.0,40.0,14.0,2141,10.0,2025,9,3,39,22,0,0,2134.0,2047.0,2020.0,2006.0,2104.4285714285716,2065.0714285714284,2025.4333333333334,0.0032802249297094743,2145.0
2025-09-23,11.0,36.0,10.0,2145,15.0,2025,9,3,39,23,1,0,2141.0,2083.0,2019.0,1999.0,2113.285714285714,2074.0714285714284,2030.3,0.0018682858477347963,2138.0
2025-09-24,3.0,38.0,12.0,2138,17.0,2025,9,3,39,24,2,0,2145.0,2086.0,2015.0,1999.0,2120.714285714286,2082.8571428571427,2034.9333333333334,-0.0032634032634032417,2132.0
2025-09-25,6.0,35.0,12.0,2132,18.0,2025,9,3,39,25,3,0,2138.0,2095.0,2026.0,1997.0,2126.0,2090.4285714285716,2039.4333333333334,-0.00280636108512633,2146.0
2025-09-28,11.0,29.0,12.0,2146,9.0,2025,9,3,39,28,6,1,2132.0,2096.0,2025.0,1994.0,2133.1428571428573,2099.0714285714284,2044.5,0.0065666041275798115,2148.0
2025-09-29,8.0,35.0,12.0,2148,13.0,2025,9,3,40,29,0,0,2146.0,2096.0,2023.0,1991.0,2140.5714285714284,2108.0,2049.733333333333,0.0009319664492077884,2159.0
2025-09-30,8.0,32.0,12.0,2159,7.0,2025,9,3,40,30,1,0,2148.0,2134.0,2025.0,1985.0,2144.1428571428573,2117.5714285714284,2055.5333333333333,0.005121042830539935,2163.0
2025-10-01,4.0,33.0,12.0,2163,14.0,2025,10,4,40,1,2,0,2159.0,2141.0,2047.0,1980.0,2147.285714285714,2125.8571428571427,2061.633333333333,0.0018527095877720612,2164.0
2025-10-02,20.0,51.0,15.0,2164,16.0,2025,10,4,40,2,3,0,2163.0,2145.0,2083.0,1983.0,2150.0,2131.6428571428573,2067.6666666666665,0.00046232085067043904,2180.0
2025-10-05,8.0,28.0,13.0,2180,16.0,2025,10,4,40,5,6,1,2164.0,2138.0,2086.0,1972.0,2156.0,2138.3571428571427,2074.6,0.007393715341959428,2187.0
2025-10-06,5.0,33.0,15.0,2187,10.0,2025,10,4,41,6,0,0,2180.0,2132.0,2095.0,1981.0,2163.8571428571427,2144.9285714285716,2081.4666666666667,0.0032110091743118296,2189.0
2025-10-07,11.0,45.0,4.0,2189,10.0,2025,10,4,41,7,1,0,2187.0,2146.0,2096.0,1980.0,2170.0,2151.5714285714284,2088.4333333333334,0.0009144947416552807,2192.0
2025-10-08,8.0,49.0,15.0,2192,17.0,2025,10,4,41,8,2,0,2189.0,2148.0,2096.0,1989.0,2176.285714285714,2158.4285714285716,2095.2,0.0013704888076746524,2192.0
2025-10-09,11.0,55.0,13.0,2192,12.0,2025,10,4,41,9,3,0,2192.0,2159.0,2134.0,1988.0,2181.0,2162.5714285714284,2102.0,0.0,2223.0
2025-10-13,8.0,24.0,7.0,2223,6.0,2025,10,4,42,13,0,0,2192.0,2163.0,2141.0,1984.0,2189.5714285714284,2168.4285714285716,2109.9666666666667,0.01414233576642343,2235.0
2025-10-14,7.0,30.0,16.0,2235,8.0,2025,10,4,42,14,1,0,2223.0,2164.0,2145.0,2010.0,2199.714285714286,2174.8571428571427,2117.4666666666667,0.005398110661268607,2225.0
2025-10-15,8.0,29.0,10.0,2225,15.0,2025,10,4,42,15,2,0,2235.0,2180.0,2138.0,2020.0,2206.1428571428573,2181.0714285714284,2124.3,-0.004474272930648726,2233.0
2025-10-16,9.0,33.0,15.0,2233,9.0,2025,10,4,42,16,3,0,2225.0,2187.0,2132.0,2019.0,2212.714285714286,2188.285714285714,2131.4333333333334,0.0035955056179775013,2237.0
2025-10-19,9.0,34.0,17.0,2237,7.0,2025,10,4,42,19,6,1,2233.0,2189.0,2146.0,2015.0,2219.5714285714284,2194.785714285714,2138.8333333333335,0.0017913121361397,2243.0
2025-10-20,10.0,39.0,6.0,2243,7.0,2025,10,4,43,20,0,0,2237.0,2192.0,2148.0,2026.0,2226.8571428571427,2201.5714285714284,2146.0666666666666,0.0026821636119802594,2251.0
2025-10-21,13.0,39.0,17.0,2251,9.0,2025,10,4,43,21,1,0,2243.0,2192.0,2159.0,2025.0,2235.285714285714,2208.1428571428573,2153.6,0.003566651805617438,2261.0
2025-10-22,12.0,42.0,13.0,2261,12.0,2025,10,4,43,22,2,0,2251.0,2223.0,2163.0,2023.0,2240.714285714286,2215.1428571428573,2161.5333333333333,0.004442470013327426,2266.0
2025-10-23,4.0,27.0,26.0,2266,18.0,2025,10,4,43,23,3,0,2261.0,2235.0,2164.0,2025.0,2245.1428571428573,2222.4285714285716,2169.5666666666666,0.002211410880141429,2276.0
2025-10-26,4.0,35.0,12.0,2276,10.0,2025,10,4,43,26,6,1,2266.0,2225.0,2180.0,2047.0,2252.4285714285716,2229.285714285714,2177.2,0.0044130626654899086,2282.0
2025-10-27,2.0,31.0,8.0,2282,11.0,2025,10,4,44,27,0,0,2276.0,2233.0,2187.0,2083.0,2259.4285714285716,2236.0714285714284,2183.8333333333335,0.002636203866432263,2286.0
2025-10-28,6.0,22.0,11.0,2286,6.0,2025,10,4,44,28,1,0,2282.0,2237.0,2189.0,2086.0,2266.4285714285716,2243.0,2190.5,0.0017528483786153348,2280.0
2025-10-29,6.0,25.0,4.0,2280,17.0,2025,10,4,44,29,2,0,2286.0,2243.0,2192.0,2095.0,2271.714285714286,2249.285714285714,2196.6666666666665,-0.002624671916010457,2287.0
2025-10-30,3.0,17.0,14.0,2287,12.0,2025,10,4,44,30,3,0,2280.0,2251.0,2192.0,2096.0,2276.8571428571427,2256.0714285714284,2203.0333333333333,0.0030701754385964453,2277.0
2025-11-02,5.0,21.0,10.0,2277,7.0,2025,11,4,44,2,6,1,2287.0,2261.0,2223.0,2096.0,2279.1428571428573,2259.9285714285716,2209.0666666666666,-0.004372540445999107,2269.0
2025-11-03,3.0,28.0,5.0,2269,12.0,2025,11,4,45,3,0,0,2277.0,2266.0,2235.0,2134.0,2279.5714285714284,2262.3571428571427,2213.5666666666666,-0.003513394817742599,2270.0
2025-11-04,6.0,33.0,6.0,2270,8.0,2025,11,4,45,4,1,0,2269.0,2276.0,2225.0,2141.0,2278.714285714286,2265.5714285714284,2217.866666666667,0.00044072278536799736,2272.0
2025-11-05,8.0,41.0,8.0,2272,7.0,2025,11,4,45,5,2,0,2270.0,2282.0,2233.0,2145.0,2277.285714285714,2268.3571428571427,2222.1,0.0008810572687225626,2264.0
2025-11-06,6.0,33.0,9.0,2264,19.0,2025,11,4,45,6,3,0,2272.0,2286.0,2237.0,2138.0,2274.1428571428573,2270.285714285714,2226.3,-0.0035211267605633756,2294.0
2025-11-09,11.0,33.0,5.0,2294,4.0,2025,11,4,45,9,6,1,2264.0,2280.0,2243.0,2132.0,2276.1428571428573,2273.9285714285716,2231.7,0.013250883392226243,2294.0
2025-11-11,11.0,39.0,12.0,2294,14.0,2025,11,4,46,11,1,0,2294.0,2287.0,2251.0,2146.0,2277.1428571428573,2277.0,2236.633333333333,0.0,2302.0
2025-11-12,14.0,48.0,20.0,2302,7.0,2025,11,4,46,12,2,0,2294.0,2277.0,2261.0,2148.0,2280.714285714286,2279.9285714285716,2241.766666666667,0.0034873583260679464,2317.0
2025-11-13,6.0,26.0,16.0,2317,5.0,2025,11,4,46,13,3,0,2302.0,2269.0,2266.0,2159.0,2287.5714285714284,2283.5714285714284,2247.0333333333333,0.006516072980017329,2340.0
2025-11-16,5.0,22.0,3.0,2340,5.0,2025,11,4,46,16,6,1,2317.0,2270.0,2276.0,2163.0,2297.5714285714284,2288.1428571428573,2252.9333333333334,0.009926629261976627,2343.0
2025-11-17,1.0,35.0,6.0,2343,8.0,2025,11,4,47,17,0,0,2340.0,2272.0,2282.0,2164.0,2307.714285714286,2292.5,2258.9,0.0012820512820512775,2345.0
2025-11-18,2.0,38.0,8.0,2345,12.0,2025,11,4,47,18,1,0,2343.0,2264.0,2286.0,2180.0,2319.285714285714,2296.714285714286,2264.4,0.0008536064874093974,2340.0
2025-11-19,7.0,32.0,3.0,2340,10.0,2025,11,4,47,19,2,0,2345.0,2294.0,2280.0,2187.0,2325.8571428571427,2301.0,2269.5,-0.002132196162046962,2340.0
2025-11-20,18.0,57.0,8.0,2340,9.0,2025,11,4,47,20,3,0,2340.0,2294.0,2287.0,2189.0,2332.4285714285716,2304.785714285714,2274.5333333333333,0.0,2375.0
2025-11-23,3.0,46.0,22.0,2375,1.0,2025,11,4,47,23,6,1,2340.0,2302.0,2277.0,2192.0,2342.8571428571427,2311.785714285714,2280.633333333333,0.014957264957264904,2371.0
2025-11-24,9.0,40.0,9.0,2371,13.0,2025,11,4,48,24,0,0,2375.0,2317.0,2269.0,2192.0,2350.5714285714284,2319.0714285714284,2286.6,-0.0016842105263158436,2375.0
2025-11-25,6.0,47.0,14.0,2375,11.0,2025,11,4,48,25,1,0,2371.0,2340.0,2270.0,2223.0,2355.5714285714284,2326.5714285714284,2291.6666666666665,0.001687051876845258,2389.0
2025-11-27,4.0,24.0,8.0,2389,7.0,2025,11,4,48,27,3,0,2375.0,2343.0,2272.0,2235.0,2362.1428571428573,2334.9285714285716,2296.8,0.005894736842105175,2415.0
2025-11-30,4.0,18.0,10.0,2415,0.0,2025,11,4,48,30,6,1,2389.0,2345.0,2264.0,2225.0,2372.1428571428573,2345.714285714286,2303.133333333333,0.010883214734198399,2410.0
2025-12-01,4.0,26.0,4.0,2410,9.0,2025,12,4,49,1,0,0,2415.0,2340.0,2294.0,2233.0,2382.1428571428573,2354.0,2309.0333333333333,-0.0020703933747412417,2407.0
2025-12-02,7.0,34.0,6.0,2407,8.0,2025,12,4,49,2,1,0,2410.0,2340.0,2294.0,2237.0,2391.714285714286,2362.0714285714284,2314.7,-0.0012448132780082943,2419.0
2025-12-03,4.0,32.0,8.0,2419,7.0,2025,12,4,49,3,2,0,2407.0,2375.0,2302.0,2243.0,2398.0,2370.4285714285716,2320.5666666666666,0.004985459077690102,2418.0
2025-12-04,16.0,39.0,7.0,2418,13.0,2025,12,4,49,4,3,0,2419.0,2371.0,2317.0,2251.0,2404.714285714286,2377.6428571428573,2326.133333333333,-0.0004133939644481721,2429.0
2025-12-07,4.0,24.0,13.0,2429,12.0,2025,12,4,49,7,6,1,2418.0,2375.0,2340.0,2261.0,2412.4285714285716,2384.0,2331.733333333333,0.00454921422663368,2440.0
2025-12-08,9.0,27.0,9.0,2440,4.0,2025,12,4,50,8,0,0,2429.0,2389.0,2343.0,2266.0,2419.714285714286,2390.9285714285716,2337.5333333333333,0.0045286125977768155,2443.0
2025-12-09,4.0,30.0,7.0,2443,8.0,2025,12,4,50,9,1,0,2440.0,2415.0,2345.0,2276.0,2423.714285714286,2397.9285714285716,2343.1,0.0012295081967212962,2439.0
2025-12-10,10.0,54.0,5.0,2439,9.0,2025,12,4,50,10,2,0,2443.0,2410.0,2340.0,2282.0,2427.8571428571427,2405.0,2348.3333333333335,-0.0016373311502251298,2437.0
2025-12-11,7.0,47.0,9.0,2437,10.0,2025,12,4,50,11,3,0,2439.0,2407.0,2340.0,2286.0,2432.1428571428573,2411.9285714285716,2353.366666666667,-0.0008200082000819897,2462.0
2025-12-14,8.0,35.0,4.0,2462,8.0,2025,12,4,50,14,6,1,2437.0,2419.0,2375.0,2280.0,2438.285714285714,2418.1428571428573,2359.4333333333334,0.010258514567090593,2470.0
2025-12-15,11.0,42.0,9.0,2470,7.0,2025,12,4,51,15,0,0,2462.0,2418.0,2371.0,2287.0,2445.714285714286,2425.214285714286,2365.5333333333333,0.0032493907392363575,2468.0
2025-12-16,8.0,54.0,15.0,2468,9.0,2025,12,4,51,16,1,0,2470.0,2429.0,2375.0,2277.0,2451.285714285714,2431.8571428571427,2371.9,-0.0008097165991902688,2481.0
2025-12-17,7.0,31.0,11.0,2481,10.0,2025,12,4,51,17,2,0,2468.0,2440.0,2389.0,2269.0,2457.1428571428573,2438.4285714285716,2378.9666666666667,0.005267423014586603,2472.0
2025-12-18,11.0,50.0,6.0,2472,16.0,2025,12,4,51,18,3,0,2481.0,2443.0,2415.0,2270.0,2461.285714285714,2442.5,2385.7,-0.0036275695284159193,2484.0
